,stn_name,stn_id,stn_lon,stn_lat,stn_ele,stn_obs_hgt,stn_mnet_id,stn_tmzn,stn_datetime_start,stn_datetime_end,stn_notes
0,Alturas,KAAT,-120.5615,41.48362,4383,10,1,America/Los_Angeles,1/1/1970 0:00,10/20/2017 19:40, 
349,Placerville Airport,KPVF,-120.7533,38.7242,2585,10,1,America/Los_Angeles,1/1/1970 0:00,10/20/2017 19:35, 
51,Ukiah Municipal Airport,KUKI,-123.20011,39.12783,597,10,1,America/Los_Angeles,1/1/1970 0:00,10/20/2017 19:40, 
50,"South Lake Tahoe, Lake Tahoe Airport",KTVL,-119.99615,38.89836,6257,10,1,America/Los_Angeles,1/1/1970 0:00,10/20/2017 19:40, 
49,Truckee-Tahoe,KTRK,-120.13333,39.31667,5899,10,1,America/Los_Angeles,1/1/1970 0:00,10/20/2017 19:45, 
48,Fairfield / Travis Air Force Base,KSUU,-121.95,38.26667,62,10,1,America/Los_Angeles,1/1/1970 0:00,10/20/2017 18:58, 
47,"Santa Rosa, Santa Rosa Sonoma County Airport",KSTS,-122.81667,38.5,125,10,1,America/Los_Angeles,1/1/1970 0:00,10/20/2017 19:40, 
53,"Visalia, Visalia Municipal Airport",KVIS,-119.4,36.31667,295,10,1,America/Los_Angeles,1/1/1970 0:00,10/20/2017 19:40, 
46,San Carlos Airport,KSQL,-122.25,37.51667,3,10,1,America/Los_Angeles,1/1/1970 0:00,10/20/2017 18:50, 
44,Sacramento International Airport,KSMF,-121.59479,38.70071,20,10,1,America/Los_Angeles,1/1/1970 0:00,10/20/2017 19:40, 
43,"San Jose, San Jose International Airport",KSJC,-121.92417,37.35917,59,10,1,America/Los_Angeles,1/1/1970 0:00,10/20/2017 19:40, 
42,Montague Siskiyou County Airport,KSIY,-122.46817,41.77375,2644,10,1,America/Los_Angeles,1/1/1970 0:00,10/20/2017 19:40, 
41,"San Francisco, San Francisco International Airport",KSFO,-122.36558,37.61961,10,10,1,America/Los_Angeles,1/1/1970 0:00,10/20/2017 19:40, 
40,"Stockton, Stockton Metropolitan Airport",KSCK,-121.22361,37.88972,30,10,1,America/Los_Angeles,1/1/1970 0:00,10/20/2017 19:40, 
39,"San Luis Obispo, San Luis Obispo County-Mc Chesney Field",KSBP,-120.63611,35.23611,207,10,1,America/Los_Angeles,1/1/1970 0:00,10/20/2017 19:40, 
45,"Salinas, Salinas Municipal Airport",KSNS,-121.60806,36.66361,82,10,1,America/Los_Angeles,1/1/1970 0:00,10/20/2017 19:40, 
309,"Watsonville, Watsonville Municipal Airport",KWVI,-121.78889,36.93944,161,10,1,America/Los_Angeles,1/1/1970 0:00,10/20/2017 19:40, 
310,Auburn Municipal Airport,KAUN,-121.08636,38.95535,1486,10,1,America/Los_Angeles,1/1/1970 0:00,10/20/2017 19:35, 
311,Hawthorne Municipal Airport,KHTH,-118.63137,38.54482,4230,10,1,America/Los_Angeles,1/1/1970 0:00,10/20/2017 19:35, 
346,University Airport,KEDU,-121.7865,38.5315,68,10,1,America/Los_Angeles,1/1/1970 0:00,10/20/2017 19:35, 
356,Carson City Airport,KCXP,-119.73191,39.19056,4694,10,1,America/Los_Angeles,1/1/1970 0:00,10/20/2017 19:35, 
345,Tehachapi Municipal Airport,KTSP,-118.4392,35.135,4001,10,1,America/Los_Angeles,1/1/1970 0:00,10/20/2017 19:35, 
344,Half Moon Bay Airport,KHAF,-122.4996,37.5136,65,10,1,America/Los_Angeles,1/1/1970 0:00,10/20/2017 19:35, 
360,COLUMBIA,KO22,-120.42,38.03,2119,10,1,America/Los_Angeles,1/1/1970 0:00,10/20/2017 19:35, 
342,"Hollister, CA",KCVH,-121.4103,36.8933,229,10,1,America/Los_Angeles,1/1/1970 0:00,10/20/2017 19:30, 
369,Reno/Stead,KRTS,-119.8764,39.6682,5050,10,1,America/Los_Angeles,1/1/1970 0:00,10/20/2017 19:35, 
370,Petaluma Municipal Airport,KO69,-122.6053,38.2578,89,10,1,America/Los_Angeles,1/1/1970 0:00,10/20/2017 19:35, 
334,Novato / Gnoss Field,KDVO,-122.55463,38.14178,3,10,1,America/Los_Angeles,1/1/1970 0:00,10/20/2017 19:35, 
372,South County Airport of Santa Clara County,KE16,-121.5968056,37.0815861,281,10,1,America/Los_Angeles,1/1/1970 0:00,10/20/2017 19:35, 
376,Fortuna Rohnerville Airport,KFOT,-124.13338,40.55296,377,10,1,America/Los_Angeles,1/1/1970 0:00,10/20/2017 19:35, 
378,Nevada County Air Park,KGOO,-121.003083,39.224028,3154,10,1,America/Los_Angeles,1/1/1970 0:00,10/20/2017 19:35, 
379,Trinity Center,KO86,-122.69342,40.98452,2385,10,1,America/Los_Angeles,1/1/1970 0:00,10/20/2017 19:35, 
383,MCMWTC BRIDGEPORT,KBAN,-119.5188,38.3557,6748,10,1,America/Los_Angeles,1/1/1970 0:00,10/20/2017 18:52, 
390,Minden-Tahoe Airport,KMEV,-119.75,38.9963,4722,10,1,America/Los_Angeles,1/1/1970 0:00,10/20/2017 19:35, 
38,Sacramento Executive Airport,KSAC,-121.49597,38.50674,16,10,1,America/Los_Angeles,1/1/1970 0:00,10/20/2017 19:40, 
37,"Reno, Reno Tahoe International Airport",KRNO,-119.76819,39.50776,4403,10,1,America/Los_Angeles,1/1/1970 0:00,10/20/2017 19:40, 
52,Vacaville Nut Tree Airport,KVCB,-121.95853,38.37755,105,10,1,America/Los_Angeles,1/1/1970 0:00,10/20/2017 19:40, 
35,Redding Municipal Airport,KRDD,-122.2977,40.51461,499,10,1,America/Los_Angeles,1/1/1970 0:00,10/20/2017 19:40, 
36,San Jose / Reid / Hillv,KRHV,-121.81667,37.33333,135,10,1,America/Los_Angeles,1/1/1970 0:00,10/20/2017 18:47, 
14,"Livermore, Livermore Municipal Airport",KLVK,-121.81444,37.69278,397,10,1,America/Los_Angeles,1/1/1970 0:00,10/20/2017 19:40, 
13,"Lovelock, Derby Field Airport",KLOL,-118.57017,40.0684,3901,10,1,America/Los_Angeles,1/1/1970 0:00,10/20/2017 19:40, 
12,"Hayward, Hayward Air Terminal",KHWD,-122.11833,37.66083,46,10,1,America/Los_Angeles,1/1/1970 0:00,10/20/2017 19:40, 
11,Hanford Municipal Airport,KHJO,-119.62315,36.31145,233,10,1,America/Los_Angeles,1/1/1970 0:00,10/20/2017 19:40, 
10,"Fresno, Fresno Air Terminal",KFAT,-119.71944,36.78,331,10,1,America/Los_Angeles,1/1/1970 0:00,10/20/2017 19:40, 
9,Chico Municipal Airport,KCIC,-121.85795,39.79879,236,10,1,America/Los_Angeles,1/1/1970 0:00,10/20/2017 19:47, 
8,"Crescent City, Jack McNamara Field Airport",KCEC,-124.23667,41.78028,56,10,1,America/Los_Angeles,1/1/1970 0:00,10/20/2017 19:40, 
7,"Concord, Buchanan Field",KCCR,-122.05194,37.99167,23,10,1,America/Los_Angeles,1/1/1970 0:00,10/20/2017 19:40, 
6,"Emigrant Gap, Blue Canyon Nyack Airport",KBLU,-120.70806,39.27611,5282,10,1,America/Los_Angeles,1/1/1970 0:00,10/20/2017 19:40, 
5,"Bishop, Bishop Airport",KBIH,-118.35806,37.37111,4121,10,1,America/Los_Angeles,1/1/1970 0:00,10/20/2017 19:40, 
4,"Bakersfield, Meadows Field Airport",KBFL,-119.05667,35.43361,509,10,1,America/Los_Angeles,1/1/1970 0:00,10/20/2017 19:40, 
3,"Marysville, Beale Air Force Base",KBAB,-121.43333,39.13333,112,10,1,America/Los_Angeles,1/1/1970 0:00,10/20/2017 18:58, 
2,"Napa, Napa County Airport",KAPC,-122.27944,38.2075,33,10,1,America/Los_Angeles,1/1/1970 0:00,10/20/2017 19:40, 
1,"Arcata / Eureka, Arcata Airport",KACV,-124.10861,40.97806,217,10,1,America/Los_Angeles,1/1/1970 0:00,10/20/2017 19:40, 
15,Madera Municipal Airport,KMAE,-120.11064,36.9851,246,10,1,America/Los_Angeles,1/1/1970 0:00,10/20/2017 19:40, 
16,"Sacramento, McClellan Airfield Airport",KMCC,-121.4,38.66667,75,10,1,America/Los_Angeles,1/1/1970 0:00,10/20/2017 19:30, 
350,Lincoln Regional Karl Harder Field,KLHM,-121.3513,38.9092,121,10,1,America/Los_Angeles,1/1/1970 0:00,10/20/2017 19:35, 
18,Merced / Castle Air Force Base,KMER,-120.56667,37.36667,187,10,1,America/Los_Angeles,1/1/1970 0:00,10/20/2017 18:45, 
34,"Red Bluff, Red Bluff Municipal Airport",KRBL,-122.25222,40.15056,348,10,1,America/Los_Angeles,1/1/1970 0:00,10/20/2017 19:40, 
33,"Porterville, Porterville Municipal Airport",KPTV,-119.06667,36.03333,443,10,1,America/Los_Angeles,1/1/1970 0:00,10/20/2017 19:40, 
32,Paso Robles Municipal Airport,KPRB,-120.62912,35.66941,810,10,1,America/Los_Angeles,1/1/1970 0:00,10/20/2017 19:40, 
31,Palo Alto Airport,KPAO,-122.11667,37.46667,7,10,1,America/Los_Angeles,1/1/1970 0:00,10/20/2017 19:47, 
30,Oroville Municipal Airport,KOVE,-121.62223,39.49436,180,10,1,America/Los_Angeles,1/1/1970 0:00,10/20/2017 19:40, 
29,"Oakland, Metro Oakland International Airport",KOAK,-122.23294,37.7178,3,10,1,America/Los_Angeles,1/1/1970 0:00,10/20/2017 19:40, 
28,"Mountain View, Moffett Field",KNUQ,-122.04806,37.40583,33,10,1,America/Los_Angeles,1/1/1970 0:00,10/20/2017 19:40, 
27,Lemoore Naval Air Station - Reeves Field,KNLC,-119.93968,36.30244,223,10,1,America/Los_Angeles,1/1/1970 0:00,10/20/2017 18:56, 
26,"Fallon, Naval Air Station",KNFL,-118.68556,39.43222,3934,10,1,America/Los_Angeles,1/1/1970 0:00,10/20/2017 18:56, 
25,"Marysville, Yuba County Airport",KMYV,-121.56972,39.09778,62,10,1,America/Los_Angeles,1/1/1970 0:00,10/20/2017 19:40, 
17,Merced Regional Airport,KMCE,-120.50778,37.28306,154,10,1,America/Los_Angeles,1/1/1970 0:00,10/20/2017 19:40, 
23,Modesto City-County Airport - Harry Sham Field,KMOD,-120.9549,37.62549,85,10,1,America/Los_Angeles,1/1/1970 0:00,10/20/2017 19:40, 
22,Mammoth Yosemite Airport,KMMH,-118.8423,37.6241,7112,10,1,America/Los_Angeles,1/1/1970 0:00,10/20/2017 19:35, 
21,Mojave,KMHV,-118.15,35.06667,2785,10,1,America/Los_Angeles,1/1/1970 0:00,10/20/2017 19:20, 
24,Monterey Regional Airport,KMRY,-121.84875,36.59047,167,10,1,America/Los_Angeles,1/1/1970 0:00,10/20/2017 19:40, 
20,Mount Shasta,KMHS,-122.31702,41.31494,3540,10,1,America/Los_Angeles,1/1/1970 0:00,10/20/2017 18:56, 
19,Sacramento Mather Airport,KMHR,-121.28397,38.55996,92,10,1,America/Los_Angeles,1/1/1970 0:00,10/20/2017 19:45, 
279,CASE MOUNTAIN,CSWC1,-118.809222,36.410667,6450,6.1,2,America/Los_Angeles,5/16/2002 0:00,10/20/2017 19:35, 
278,SAN LUIS NWR,SLWC1,-120.793889,37.182222,65,6.1,2,America/Los_Angeles,3/27/2002 0:00,10/20/2017 19:31, 
277,CALFIRE PORTABLE 43,TR419,-120.498694,36.183278,2729,6.1,2,America/Los_Angeles,8/20/2013 0:00,10/10/2017 17:15, 
276,DEMOCRAT,DEMC1,-118.630581,35.531892,2364,6.1,2,America/Los_Angeles,2/23/2002 0:00,10/20/2017 19:25, 
299,INF05 PORTABLE,TS037,-118.06065,36.226867,5789,6.1,2,America/Los_Angeles,9/26/2003 0:00,10/20/2017 19:12, 
280,CAMPO SECO,CMAC1,-120.866389,38.223611,399,6.1,2,America/Los_Angeles,6/4/2002 0:00,10/19/2017 2:59, 
290,BRADLEY,RBYC1,-120.802981,35.8644,537,6.1,2,America/Los_Angeles,12/13/2002 0:00,10/20/2017 19:12, 
301,INF04 PORTABLE,TS042,-118.981667,37.784786,8121,6.1,2,America/Los_Angeles,10/1/2003 0:00,10/20/2017 19:12, 
302,LOS VAQUEROS,VAQC1,-121.734722,37.788333,1100,6.1,2,America/Los_Angeles,10/17/2003 0:00,10/20/2017 19:45, 
303,TNF02 PORTABLE,TS052,-120.211611,39.399528,6074,6.1,2,America/Los_Angeles,10/17/2003 0:00,10/20/2017 19:34, 
304,WESTSIDE,WEDC1,-124.053897,41.223064,1287,6.1,2,America/Los_Angeles,4/5/2005 0:00,10/20/2017 19:43, 
274,CASHMAN,CHAC1,-120.915,40.001944,4478,6.1,2,America/Los_Angeles,9/17/2001 0:00,10/20/2017 19:47, 
273,MILO,MOLC1,-118.869025,36.231178,1923,6.1,2,America/Los_Angeles,8/7/2001 0:00,10/20/2017 19:27, 
275,Duncan,DUCC1,-120.508889,39.143889,7100,6.1,2,America/Los_Angeles,11/12/2001 0:00,10/20/2017 19:18, 
300,BIG ROCK,NBRC1,-122.57,38.039444,1500,6.1,2,America/Los_Angeles,9/30/2003 0:00,10/20/2017 19:33, 
282,JERSEYDALE,JSDC1,-119.839697,37.543733,3762,6.1,2,America/Los_Angeles,6/14/2002 0:00,10/20/2017 19:47, 
298,STF02 PORTABLE,POUC1,-120.099533,38.241967,6000,6.1,2,America/Los_Angeles,9/19/2003 0:00,10/20/2017 19:36, 
297,STEELY FORK,GZFC1,-120.527853,38.626092,4010,6.1,2,America/Los_Angeles,5/2/2003 0:00,10/20/2017 19:17, 
296,JARBO GAP,JBGC1,-121.488983,39.735908,2535,6.1,2,America/Los_Angeles,4/21/2003 0:00,10/20/2017 19:13, 
283,BRIDGEPORT,BPOC1,-119.289167,38.271944,6650,6.1,2,America/Los_Angeles,6/24/2002 0:00,10/20/2017 19:49, 
284,TIMBER MOUNTAIN,TBRC1,-121.298381,41.627856,5053,6.1,2,America/Los_Angeles,8/11/2002 0:00,10/20/2017 19:03, 
285,UNDERWOOD,UDWC1,-123.4965,40.721697,2560,6.1,2,America/Los_Angeles,8/22/2002 0:00,10/20/2017 19:24, 
295,RUTH,RLKC1,-123.319733,40.250319,2732,6.1,2,America/Los_Angeles,6/24/2003 0:00,10/20/2017 19:23, 
286,NOTCHKO,NTCC1,-123.8575,41.289722,477,6.1,2,America/Los_Angeles,10/17/2002 0:00,10/20/2017 19:45, 
294,WOODACRE,WDAC1,-122.644722,37.990556,1400,6.1,2,America/Los_Angeles,5/24/2003 0:00,10/20/2017 18:51, 
293,COYOTE,CYVC1,-120.477592,39.988061,5570,6.1,2,America/Los_Angeles,1/17/2003 0:00,10/20/2017 18:59, 
287,GALENA,GALN2,-119.831944,39.379444,5610,6.1,2,America/Los_Angeles,9/5/2002 0:00,10/20/2017 18:50, 
288,GORDON,GORC1,-120.892125,40.756153,6215,6.1,2,America/Los_Angeles,9/7/2002 0:00,10/20/2017 19:04, 
289,LITTLE VALLEY (WRCC),LVYN2,-119.880833,39.244444,6310,6.1,2,America/Los_Angeles,11/14/2002 0:00,10/20/2017 19:38, 
292,Cottage,STUC1,-120.229519,38.345872,6064,6.1,2,America/Los_Angeles,1/16/2003 0:00,10/20/2017 18:54, 
281,LOWER KLAMATH - FTS,LKNC1,-121.700278,41.999167,4098,6.1,2,America/Los_Angeles,6/20/2002 0:00,10/20/2017 19:32, 
291,HOLLISTER,HSEC1,-121.362158,36.842203,404,6.1,2,America/Los_Angeles,12/12/2002 0:00,10/20/2017 19:13, 
249,WALKER PASS EAST,TR174,-118.025472,35.662611,5217,6.1,2,America/Los_Angeles,7/1/2001 0:00,10/20/2017 19:25, 
271,BIG HILL,BIIC1,-123.635889,41.097472,3570,6.1,2,America/Los_Angeles,8/7/2001 0:00,10/20/2017 19:40, 
248,KNF91 PORTABLE,TR173,-123.181667,41.798611,4000,6.1,2,America/Los_Angeles,6/26/2001 0:00,10/20/2017 19:48, 
247,SHF06 PORTABLE,TR169,-122.035131,41.298869,3720,6.1,2,America/Los_Angeles,6/26/2001 0:00,10/16/2017 16:15, 
246,PNF22 PORTABLE,TR168,-120.562164,39.904083,5947,6.1,2,America/Los_Angeles,3/3/2003 0:00,10/20/2017 19:41, 
245,MOUNT TOM,MMTC1,-119.179267,37.376419,8982,6.1,2,America/Los_Angeles,6/26/2001 0:00,10/20/2017 18:52, 
244,MOUNT ELIZABETH,MOUC1,-120.247253,38.062925,4942,6.1,2,America/Los_Angeles,6/26/2001 0:00,10/20/2017 19:02, 
243,SQF01 PORTABLE (JORDAN PK,TR165,-118.597825,36.18175,9110,6.1,2,America/Los_Angeles,6/26/2001 0:00,10/20/2017 19:48, 
242,MNF02 PORTABLE,TR164,-122.9397,39.308283,3740,6.1,2,America/Los_Angeles,1/14/2002 0:00,10/20/2017 18:53, 
241,MNF01 PORTABLE,TR163,-122.645383,39.231683,2880,6.1,2,America/Los_Angeles,8/21/2001 0:00,10/20/2017 18:53, 
305,MIDDLE PEAK,MDEC1,-122.587222,37.927778,2339,6.1,2,America/Los_Angeles,5/17/2004 0:00,10/20/2017 19:36, 
240,Mendocino Pass,MASC1,-122.945111,39.807417,5382,6.1,2,America/Los_Angeles,6/26/2001 0:00,10/20/2017 19:04, 
238,SHF07 PORTABLE,TR158,-121.7625,41.432028,4827,6.1,2,America/Los_Angeles,9/24/2001 0:00,10/20/2017 19:28, 
237,SRF53 PORTABLE,LYEC1,-123.5857,40.890733,585,6.1,2,America/Los_Angeles,4/17/2002 0:00,10/20/2017 19:46, 
236,LNF04 PORTABLE,TR147,-120.8952,40.648983,5912,6.1,2,America/Los_Angeles,6/26/2001 0:00,10/20/2017 19:35, 
235,KONOCTI,KELC1,-122.706314,38.911889,2163,6.1,2,America/Los_Angeles,12/11/2001 0:00,10/20/2017 18:57, 
234,HURLEY,PRHC1,-119.5678,37.015144,1228,6.1,2,America/Los_Angeles,12/11/2001 0:00,10/20/2017 19:27, 
233,HOOPA,HOAC1,-123.671278,41.047833,375,6.1,2,America/Los_Angeles,6/26/2001 0:00,10/20/2017 19:40, 
232,GASQUET 2,GQEC1,-123.945389,41.838333,452,6.1,2,America/Los_Angeles,1/1/1970 0:00,10/20/2017 18:50, 
231,FORT HUNTER LIGGET,FHLC1,-121.241681,36.011753,1116,6.1,2,America/Los_Angeles,6/26/2001 0:00,10/20/2017 19:25, 
239,MCGUIRES,MCGC1,-123.601575,39.352617,627,6.1,2,America/Los_Angeles,12/11/2001 0:00,10/20/2017 18:50, 
272,BIG SUR,PPSC1,-121.78015,36.245356,354,6.1,2,America/Los_Angeles,8/7/2001 0:00,10/20/2017 19:04, 
250,OWENS VALLEY,OVRC1,-118.552572,37.391006,4650,6.1,2,America/Los_Angeles,6/26/2001 0:00,10/20/2017 18:54, 
252,PNF23 PORTABLE,TR181,-121.221381,40.0219,2600,6.1,2,America/Los_Angeles,8/13/2001 0:00,10/12/2017 17:27, 
270,WHISKEYTOWN HQ#2,OBRC1,-122.527314,40.610514,1360,6.1,2,America/Los_Angeles,8/7/2001 0:00,10/20/2017 19:00, 
269,HIGH SIERRA,HSQC1,-119.039303,37.314661,7431,6.1,2,America/Los_Angeles,1/1/1970 0:00,10/20/2017 18:51, 
268,LAYTONVILLE,LAYC1,-123.484906,39.702328,1820,6.1,2,America/Los_Angeles,7/12/2001 0:00,10/20/2017 19:29, 
267,EEL RIVER CAMP,ERCC1,-123.823758,40.138375,476,6.1,2,America/Los_Angeles,7/10/2001 0:00,10/20/2017 19:28, 
266,MIAMI,MIAC1,-119.745442,37.419253,4267,6.1,2,America/Los_Angeles,6/26/2001 0:00,10/20/2017 18:59, 
265,MULE MOUNTAIN,MMOC1,-122.503056,40.569167,2044,6.1,2,America/Los_Angeles,6/26/2001 0:00,10/20/2017 19:00, 
264,MDF03 PORTABLE,TR200,-121.407778,41.622972,4700,6.1,2,America/Los_Angeles,6/26/2001 0:00,10/20/2017 19:05, 
263,TRIMMER,TRMC1,-119.306592,36.91105,1487,6.1,2,America/Los_Angeles,6/26/2001 0:00,10/20/2017 18:52, 
251,PNF21 PORTABLE,TR180,-120.770911,40.098689,5539,6.1,2,America/Los_Angeles,10/15/2001 0:00,10/20/2017 18:59, 
262,STONYFORD,SYWC1,-122.572894,39.367294,1263,6.1,2,America/Los_Angeles,6/26/2001 0:00,10/20/2017 19:26, 
260,KNF95 PORTABLE,TR189,-123.098931,41.64675,3797,6.1,2,America/Los_Angeles,6/26/2001 0:00,10/20/2017 19:02, 
259,SCHOOLHOUSE,SHUC1,-123.906353,41.138211,2653,6.1,2,America/Los_Angeles,6/26/2001 0:00,10/20/2017 19:01, 
258,Saddleback,SLEC1,-120.865278,39.6375,6670,6.1,2,America/Los_Angeles,6/26/2001 0:00,10/20/2017 19:18, 
257,SAC NWR,NWRC1,-122.1825,39.417222,120,6.1,2,America/Los_Angeles,7/26/2001 0:00,10/20/2017 19:29, 
256,ROCK CREEK,RCEC1,-118.678406,37.559825,7103,6.1,2,America/Los_Angeles,6/26/2001 0:00,10/20/2017 19:04, 
255,MARQUEZ 2011,MRQC1,-120.773,36.359694,2571,6.1,2,America/Los_Angeles,6/26/2001 0:00,10/20/2017 18:50, 
254,REDDING,RRAC1,-122.292175,40.515792,499,6.1,2,America/Los_Angeles,6/26/2001 0:00,10/20/2017 19:24, 
253,RAVENDALE,RVDC1,-120.316583,40.731222,5450,6.1,2,America/Los_Angeles,6/26/2001 0:00,10/20/2017 18:59, 
261,SHAVER,SHVC1,-119.261686,37.136831,5632,6.1,2,America/Los_Angeles,12/11/2001 0:00,10/20/2017 18:56, 
306,BRECKENRIDGE,BKGC1,-118.595186,35.453625,7485,6.1,2,America/Los_Angeles,6/7/2004 0:00,10/20/2017 18:51, 
343,LNF07 PORTABLE,TS877,-121.306028,40.700528,5251,6.1,2,America/Los_Angeles,10/16/2009 0:00,10/20/2017 18:53, 
308,OLEMA VALLEY,OVYC1,-122.795833,38.0425,37,6.1,2,America/Los_Angeles,5/23/2005 0:00,10/20/2017 19:13, 
380,TNF 03 PORTABLE,TT142,-120.160889,39.566139,6260,6.1,2,America/Los_Angeles,7/24/2012 0:00,10/20/2017 19:35, 
377,SLATE CREEK,TTEC1,-123.659964,41.341761,4178,6.1,2,America/Los_Angeles,1/9/2012 0:00,10/20/2017 18:57, 
375,CORDOZA RIDGE,TT119,-121.528453,37.168342,2331,6.1,2,America/Los_Angeles,12/21/2011 0:00,10/20/2017 19:02, 
374,KNF98 Portable,TT109,-122.201667,41.739417,5200,6.1,2,America/Los_Angeles,1/6/2012 0:00,10/19/2017 17:20, 
373,BLACKS MOUNTAIN,BKOC1,-121.178953,40.724567,5725,6.1,2,America/Los_Angeles,12/7/2011 0:00,10/20/2017 19:05, 
371,SFMU PORTABLE,TT100,-122.9754,40.229717,2870,6.1,2,America/Los_Angeles,10/26/2011 0:00,10/20/2017 19:27, 
368,YNP PORTABLE,YNWC1,-119.63485,37.51235,4827,6.1,2,America/Los_Angeles,4/24/2012 0:00,10/20/2017 19:02, 
367,IRAWS 10 (DP 34),TT080,-118.646111,36.103389,6266,6.1,2,America/Los_Angeles,6/28/2012 0:00,9/23/2017 22:45, 
366,BARON,RWBC1,-120.024283,38.854453,6336,6.1,2,America/Los_Angeles,7/21/2011 0:00,10/20/2017 18:51, 
365,LIVERMORE FIRE DEPARTMENT,TT060,-121.823056,37.656111,440,6.1,2,America/Los_Angeles,8/15/2011 0:00,10/20/2017 19:30, 
364,IRAWS 18 (DUTCH CREEK),TT016,-123.022917,41.968444,4887,6.1,2,America/Los_Angeles,6/22/2011 0:00,10/20/2017 19:46, 
363,NRAWS 1 (Reno),PRAN2,-119.675,39.541633,5450,6.1,2,America/Los_Angeles,5/11/2011 0:00,10/20/2017 19:44, 
362,ATLAS PEAK,ATLC1,-122.2648,38.474847,1934,6.1,2,America/Los_Angeles,1/20/2011 0:00,10/20/2017 19:29, 
361,BOLAM,BOLC1,-122.209714,41.534125,4489,6.1,2,America/Los_Angeles,8/1/2011 0:00,10/20/2017 19:03, 
359,PINECREST 2,PNWC1,-120.010586,38.186161,5706,6.1,2,America/Los_Angeles,6/20/2011 0:00,10/20/2017 18:57, 
381,SMITH PEAK (STF),SEWC1,-120.100811,37.800522,3871,6.1,2,America/Los_Angeles,6/29/2012 0:00,10/20/2017 19:16, 
382,SWAIN MOUNTAIN,SWNC1,-121.1041,40.445269,6099,6.1,2,America/Los_Angeles,6/6/2013 0:00,10/20/2017 19:19, 
384,RICE CANYON,RNYC1,-120.328839,39.525014,6943,6.1,2,America/Los_Angeles,11/16/2012 0:00,10/20/2017 19:30, 
385,DENTEN CREEK,MWKC1,-120.594494,39.779475,5149,6.1,2,America/Los_Angeles,8/6/2013 0:00,10/20/2017 19:34, 
402,CALFIRE PORTABLE 17,TT467,-122.219167,37.184722,290,6.1,2,America/Los_Angeles,9/2/2017 0:26,10/20/2017 19:20, 
401,MDF09 PORTABLE,TT446,-121.503967,41.443883,4800,6.1,2,UTC,10/13/2017 16:41,10/20/2017 19:37, 
400,MDF10 PORTABLE,TT445,-120.56155,41.865567,5260,6.1,2,UTC,10/16/2017 12:41,10/20/2017 19:37, 
399,OAK RIDGE,OAAC1,-123.308389,38.738056,1890,6.1,2,America/Los_Angeles,9/1/2016 23:36,7/10/2017 15:33, 
398,TAHOE DONNER,TADC1,-120.273389,39.338194,7399,6.1,2,America/Los_Angeles,8/23/2016 21:36,7/10/2017 15:33, 
397,SAN LUIS OBISPO COAST,TT409,-121.114194,35.605028,228,6.1,2,America/Los_Angeles,1/19/2017 20:36,10/20/2017 19:33, 
396,BLUE MTN LOOKOUT,ULBC1,-120.364694,38.342333,6043,6.1,2,America/Los_Angeles,8/24/2016 19:36,7/10/2017 15:33, 
358,PANTHER SPRINGS,PSWC1,-121.775972,40.241983,3344,6.1,2,America/Los_Angeles,8/15/2012 0:00,10/20/2017 19:21, 
395,NOVATO FIRE - ROBINHOOD,NVHC1,-122.549806,38.1125,482,6.1,2,America/Los_Angeles,1/21/2016 20:14,10/20/2017 19:31, 
393,SKYLAND,SKYN2,-119.940861,39.023,6599,6.1,2,America/Los_Angeles,8/15/2016 19:21,7/10/2017 17:14, 
392,CALFIRE 511,TT309,-121.263,38.925861,208,6.1,2,America/Los_Angeles,6/3/2015 18:51,10/20/2017 19:45, 
391,COLBY MOUNTAIN,CBXC1,-121.522522,40.145903,6004,6.1,2,America/Los_Angeles,6/8/2015 17:32,10/20/2017 19:27, 
389,ENF05 PORTABLE,TT260,-120.369,38.842017,5080,6.1,2,America/Los_Angeles,7/16/2015 18:30,10/20/2017 19:29, 
388,MDF08 PORTABLE,TT249,-120.806083,41.986317,5390,6.1,2,America/Los_Angeles,1/15/2014 0:00,10/20/2017 19:35, 
387,LAKE COUNTY RAWS1,LKRC1,-122.740511,38.80645,4724,6.1,2,America/Los_Angeles,8/9/2013 0:00,10/20/2017 19:05, 
386,STF04 PORTABLE,TT209,-119.7956,38.3134,8400,6.1,2,America/Los_Angeles,6/27/2013 0:00,10/18/2017 20:29, 
394,MDF07 PORTABLE,TT340,-121.392817,41.60515,4480,6.1,2,America/Los_Angeles,9/30/2015 12:18,10/20/2017 19:15, 
307,CAMP SIX,CSXC1,-123.876481,41.830842,3698,6.1,2,America/Los_Angeles,7/13/2004 0:00,10/20/2017 18:59, 
357,HUMBUG SUMMIT,HMRC1,-121.382661,40.109517,6714,6.1,2,America/Los_Angeles,7/24/2012 0:00,10/20/2017 19:21, 
354,DUTCH-INDY,DUIC1,-123.444069,41.643533,2296,6.1,2,America/Los_Angeles,7/15/2010 0:00,10/20/2017 18:56, 
326,SAN LUIS PORTABLE,TS623,-120.803889,37.066389,70,6.1,2,America/Los_Angeles,10/16/2006 0:00,10/20/2017 19:34, 
325,WAWONA,WWNC1,-119.644972,37.534472,4309,6.1,2,America/Los_Angeles,6/6/2006 0:00,10/20/2017 18:51, 
324,EL PORTAL,EPWC1,-119.787917,37.675333,2073,6.1,2,America/Los_Angeles,6/28/2006 0:00,10/20/2017 18:51, 
323,PEPPERMINT,PEPC1,-118.541364,36.073397,7385,6.1,2,America/Los_Angeles,5/25/2006 0:00,10/20/2017 18:58, 
322,KNEELAND,KNNC1,-123.928294,40.719944,2737,6.1,2,America/Los_Angeles,3/11/2006 0:00,10/20/2017 18:55, 
321,ASH MOUNTAIN,TSHC1,-118.825278,36.491389,1730,6.1,2,America/Los_Angeles,3/21/2006 0:00,10/20/2017 19:04, 
320,BEAR FLAT,FLAC1,-120.314022,41.295317,5972,6.1,2,America/Los_Angeles,7/12/2005 0:00,10/20/2017 19:06, 
319,SAC NWR QD,NWQC1,-122.183889,39.446111,95,6.1,2,America/Los_Angeles,7/12/2005 0:00,10/20/2017 18:52, 
318,SHIP MTN,SHXC1,-123.793472,41.729028,5151,6.1,2,America/Los_Angeles,8/30/2005 0:00,10/20/2017 18:57, 
317,ENF02 PORTABLE,TS445,-120.261528,38.537417,6045,6.1,2,America/Los_Angeles,10/18/2005 0:00,10/20/2017 19:36, 
316,ARB1 PORTABLE,TS392,-122.682339,38.815719,3580,6.1,2,America/Los_Angeles,2/25/2005 0:00,10/19/2017 20:53, 
315,ARB3 PORTABLE,TS388,-121.491111,39.542222,910,6.1,2,America/Los_Angeles,2/25/2005 0:00,10/20/2017 18:53, 
314,ARB2 PORTABLE,ANUC1,-120.786719,38.353786,1465,6.1,2,America/Los_Angeles,2/25/2005 0:00,10/20/2017 18:53, 
313,MNF03 PORTABLE,TS378,-122.671267,39.35925,2220,6.1,2,America/Los_Angeles,7/27/2005 0:00,10/20/2017 19:28, 
312,PIUTES,PIVC1,-118.278825,35.444508,6475,6.1,2,America/Los_Angeles,11/24/2004 0:00,10/20/2017 18:51, 
327,SHF02 PORTABLE,TS624,-123.057778,40.808333,2180,6.1,2,America/Los_Angeles,8/21/2006 0:00,9/23/2017 21:27, 
328,COLD SPRINGS,CSZC1,-120.319389,41.781422,6379,6.1,2,America/Los_Angeles,10/3/2006 0:00,10/20/2017 18:58, 
329,KRN02,TMNC1,-118.481111,35.071389,5672,6.1,2,America/Los_Angeles,11/20/2006 0:00,10/20/2017 18:53, 
330,LYNCH CANYON,LYQC1,-118.405,35.611667,3141,6.1,2,America/Los_Angeles,1/12/2007 0:00,10/20/2017 19:18, 
353,LNF08 PORTABLE,TS924,-121.198306,40.862583,5257,6.1,2,America/Los_Angeles,7/12/2010 0:00,10/20/2017 19:08, 
352,HOMEWOOD,HMDC1,-120.171153,39.0835,7121,6.1,2,America/Los_Angeles,6/23/2010 0:00,10/20/2017 15:19, 
351,KNOX 2,KNXN2,-119.963,39.272833,7568,6.1,2,America/Los_Angeles,6/21/2010 0:00,10/20/2017 19:19, 
348,ENF03 PORTABLE,TS903,-120.729289,38.825261,2713,6.1,2,America/Los_Angeles,5/20/2010 0:00,10/20/2017 19:37, 
347,SHF08 Portable,TS901,-122.1577,40.779,2249,6.1,2,America/Los_Angeles,7/26/2010 0:00,10/20/2017 19:35, 
230,SEEDORCHARD,FSHC1,-120.731667,39.091389,4355,6.1,2,America/Los_Angeles,6/26/2001 0:00,10/20/2017 19:33, 
341,BRUSH MOUNTAIN,BHTC1,-123.668819,40.913933,3941,6.1,2,America/Los_Angeles,1/1/2010 0:00,10/20/2017 19:46, 
355,LNF09 PORTABLE,POBC1,-121.38,40.528,3900,6.1,2,America/Los_Angeles,9/20/2010 0:00,10/20/2017 19:09, 
340,ALTAMONT,AATC1,-121.609333,37.693028,1436,6.1,2,America/Los_Angeles,5/22/2009 0:00,10/20/2017 19:12, 
338,TWISSELMAN,TWMC1,-119.823333,35.3625,3232,6.1,2,America/Los_Angeles,11/21/2008 0:00,10/20/2017 19:13, 
337,HART FLAT,HFLC1,-118.600278,35.251111,2685,6.1,2,America/Los_Angeles,11/22/2008 0:00,10/20/2017 19:13, 
336,SRF52 PORTABLE,TS777,-123.534567,41.252267,2157,6.1,2,America/Los_Angeles,9/15/2008 0:00,10/7/2017 23:04, 
335,SNF01 PORTABLE,TS748,-119.146533,37.055967,5833,6.1,2,America/Los_Angeles,6/21/2010 0:00,10/20/2017 19:28, 
333,SANJOSE,RJSC1,-121.806944,37.398333,675,6.1,2,America/Los_Angeles,3/10/2008 0:00,10/20/2017 18:52, 
332,SUGARLOAF (ENF),SKBC1,-120.310514,38.784597,5653,6.1,2,America/Los_Angeles,1/1/2010 0:00,10/20/2017 19:23, 
331,DEXTER,DEXC1,-118.771892,37.838878,7981,6.1,2,America/Los_Angeles,1/1/2010 0:00,10/20/2017 18:53, 
339,WOODY,WOCC1,-118.8325,35.706111,1591,6.1,2,America/Los_Angeles,2/1/2010 0:00,10/20/2017 19:13, 
229,FENCE MEADOW,FNWC1,-119.175558,36.962128,5240,6.1,2,America/Los_Angeles,6/26/2001 0:00,10/20/2017 19:00, 
202,OAK OPENING,OORC1,-118.701717,36.175294,3091,6.1,2,America/Los_Angeles,4/3/2001 0:00,10/20/2017 19:12, 
227,CEDAR GROVE,CGVC1,-118.656111,36.787778,4720,6.1,2,America/Los_Angeles,6/26/2001 0:00,10/20/2017 19:00, 
115,LADDER BUTTE,LDRC1,-121.296506,40.807106,5672,6.1,2,America/Los_Angeles,12/2/1999 0:00,10/20/2017 18:53, 
114,LA PANZA,LPZC1,-120.188094,35.380725,1633,6.1,2,America/Los_Angeles,12/2/1999 0:00,10/20/2017 18:54, 
113,LA HONDA,LAHC1,-122.255253,37.305233,804,6.1,2,America/Los_Angeles,12/2/1999 0:00,10/20/2017 19:07, 
112,Knoxville Creek,KNXC1,-122.417222,38.861944,2200,6.1,2,America/Los_Angeles,12/2/1999 0:00,10/20/2017 19:09, 
111,KETTLEMAN HILLS,KTLC1,-120.054833,36.031139,810,6.1,2,America/Los_Angeles,12/2/1999 0:00,10/20/2017 18:50, 
110,RIVERKERN,KRNC1,-118.433739,35.7772,3044,6.1,2,America/Los_Angeles,12/2/1999 0:00,10/20/2017 18:57, 
109,JUNIPER CREEK,JPRC1,-120.472806,41.332667,4636,6.1,2,America/Los_Angeles,1/1/1970 0:00,10/20/2017 18:52, 
108,JUANITA LAKE,JTAC1,-122.1097,41.8019,5173,6.1,2,America/Los_Angeles,12/2/1999 0:00,10/20/2017 19:17, 
116,LAS TABLAS,TABC1,-120.9241,35.656447,967,6.1,2,America/Los_Angeles,12/2/1999 0:00,10/20/2017 19:07, 
107,JAWBONE,JWBC1,-118.226778,35.294889,4545,6.1,2,America/Los_Angeles,12/2/1999 0:00,10/20/2017 19:14, 
105,HIGH GLADE LOOKOUT,HGLC1,-122.809989,39.208897,4807,6.1,2,America/Los_Angeles,12/2/1999 0:00,10/20/2017 19:36, 
104,HERNANDEZ,HDZC1,-120.855819,36.382542,3733,6.1,2,America/Los_Angeles,12/2/1999 0:00,10/20/2017 19:07, 
103,Hell Hole,HLLC1,-120.419886,39.069711,5240,6.1,2,America/Los_Angeles,12/2/1999 0:00,10/20/2017 19:09, 
102,Hawkeye,HWKC1,-122.837058,38.735086,2024,6.1,2,America/Los_Angeles,12/2/1999 0:00,10/20/2017 18:56, 
101,HASTINGS,CAHC1,-121.551594,36.3885,1885,6.1,2,America/Los_Angeles,12/2/1999 0:00,10/20/2017 19:11, 
100,GREEN SPRING,GNSC1,-120.503106,37.834181,1108,6.1,2,America/Los_Angeles,12/2/1999 0:00,10/20/2017 19:03, 
99,GRASSHOPPER,GRSC1,-120.784372,40.781694,6158,6.1,2,America/Los_Angeles,12/2/1999 0:00,10/20/2017 19:47, 
98,FRIEND MTN.,FMOC1,-123.343197,40.505522,4418,6.1,2,America/Los_Angeles,12/2/1999 0:00,10/20/2017 19:16, 
106,HORSE LAKE,HLKC1,-120.477778,40.623333,5100,6.1,2,America/Los_Angeles,1/1/1970 0:00,10/20/2017 19:40, 
97,FOUNTAIN SPRINGS,FTNC1,-118.915594,35.891161,794,6.1,2,America/Los_Angeles,12/2/1999 0:00,10/20/2017 19:00, 
117,LAS TRAMPAS,LTRC1,-122.066944,37.833889,1760,6.1,2,America/Los_Angeles,12/2/1999 0:00,10/20/2017 19:28, 
119,LAUFMAN,LAFC1,-120.353333,40.141667,4800,6.1,2,America/Los_Angeles,12/2/1999 0:00,10/20/2017 19:10, 
137,OWENS CAMP,OWNC1,-120.241583,38.735819,5240,6.1,2,America/Los_Angeles,12/2/1999 0:00,10/20/2017 19:02, 
136,OAKLAND SOUTH,OKSC1,-122.144722,37.786111,1095,6.1,2,America/Los_Angeles,12/2/1999 0:00,10/20/2017 19:33, 
135,OAKLAND NORTH,ONOC1,-122.220833,37.865,1403,6.1,2,America/Los_Angeles,12/2/1999 0:00,10/20/2017 19:33, 
134,OAK MOUNTAIN,OMTC1,-121.984431,41.006331,2646,6.1,2,America/Los_Angeles,12/2/1999 0:00,10/20/2017 19:26, 
133,OAK KNOLL,OKNC1,-122.850153,41.838358,1953,6.1,2,America/Los_Angeles,1/1/1970 0:00,10/20/2017 19:22, 
132,OAK CREEK,IDPC1,-118.265556,36.843611,4900,6.1,2,America/Los_Angeles,12/2/1999 0:00,10/20/2017 19:42, 
131,MOUNT ZION,MTZC1,-120.652403,38.390064,2967,6.1,2,America/Los_Angeles,12/2/1999 0:00,10/20/2017 18:56, 
130,BIRD SPRINGS PASS,BIJC1,-118.140333,35.535861,6360,6.1,2,America/Los_Angeles,12/2/1999 0:00,10/20/2017 19:27, 
118,LASSEN LODGE,LSNC1,-121.713733,40.344144,4159,6.1,2,America/Los_Angeles,1/1/1970 0:00,10/20/2017 18:50, 
129,METCALF GAP,MCFC1,-119.767894,37.4094,3118,6.1,2,America/Los_Angeles,12/2/1999 0:00,10/20/2017 19:02, 
127,MARIPOSA,MPOC1,-119.986794,37.504025,2231,6.1,2,America/Los_Angeles,12/2/1999 0:00,10/20/2017 19:07, 
126,MANZANITA LAKE,VIOC1,-121.580153,40.541492,5732,6.1,2,America/Los_Angeles,12/2/1999 0:00,10/20/2017 18:52, 
125,MALLORY RIDGE,LVMC1,-121.778889,37.817222,1948,6.1,2,America/Los_Angeles,12/2/1999 0:00,10/20/2017 19:02, 
124,Lyons Valley,COWC1,-123.073333,39.125833,3355,6.1,2,America/Los_Angeles,12/2/1999 0:00,10/20/2017 19:01, 
123,LOS GATOS,LSGC1,-121.950833,37.204167,1842,6.1,2,America/Los_Angeles,12/2/1999 0:00,10/20/2017 19:32, 
122,LOS BANOS,SLRC1,-121.053094,37.0548,323,6.1,2,America/Los_Angeles,12/2/1999 0:00,10/20/2017 19:02, 
121,LOS ALTOS,LOAC1,-122.141667,37.354722,539,6.1,2,America/Los_Angeles,12/2/1999 0:00,10/20/2017 19:10, 
120,LINCOLN,LICC1,-121.266689,38.881031,210,6.1,2,America/Los_Angeles,12/2/1999 0:00,10/20/2017 19:13, 
128,MARKLEEVILLE,MKEC1,-119.774972,38.690444,5501,6.1,2,America/Los_Angeles,12/2/1999 0:00,10/20/2017 19:48, 
138,PANOCHE ROAD,PCEC1,-120.765872,36.727136,2055,6.1,2,America/Los_Angeles,12/2/1999 0:00,10/20/2017 19:27, 
96,FANCHER CREEK,FCHC1,-119.475719,36.8837,916,6.1,2,America/Los_Angeles,12/2/1999 0:00,10/20/2017 19:00, 
94,EEL RIVER (MNF),EELC1,-123.0825,39.825278,1500,6.1,2,America/Los_Angeles,12/2/1999 0:00,10/20/2017 19:45, 
71,BOONVILLE,BNVC1,-123.348464,38.987356,644,6.1,2,America/Los_Angeles,12/2/1999 0:00,10/20/2017 18:50, 
70,BOGARD R.S.,BOGC1,-121.077947,40.592075,5673,6.1,2,America/Los_Angeles,12/2/1999 0:00,10/20/2017 19:00, 
69,BLUE DOOR,BDOC1,-120.337528,41.054083,5927,6.1,2,America/Los_Angeles,1/1/1970 0:00,10/20/2017 18:59, 
68,BLACK DIAMOND,PIBC1,-121.884444,37.95,1600,6.1,2,America/Los_Angeles,12/2/1999 0:00,10/20/2017 19:28, 
67,BIG BAR,BGBC1,-123.249178,40.742164,1722,6.1,2,America/Los_Angeles,12/2/1999 0:00,10/20/2017 19:20, 
66,BENTON,BETC1,-118.478528,37.843333,5450,6.1,2,America/Los_Angeles,12/2/1999 0:00,10/20/2017 19:00, 
65,BEN LOMOND,BNDC1,-122.172606,37.130936,2598,6.1,2,America/Los_Angeles,12/2/1999 0:00,10/20/2017 18:50, 
64,BEN BOLT,BENC1,-120.933622,38.590836,905,6.1,2,America/Los_Angeles,12/2/1999 0:00,10/20/2017 18:59, 
72,BRANCH MOUNTAIN,BRHC1,-120.084989,35.185233,3770,6.1,2,America/Los_Angeles,12/2/1999 0:00,10/20/2017 19:35, 
63,BEAVER,COKC1,-120.315817,38.481903,4651,6.1,2,America/Los_Angeles,12/2/1999 0:00,10/20/2017 19:17, 
61,BARNABY,BBEC1,-122.702222,38.028056,810,6.1,2,America/Los_Angeles,12/2/1999 0:00,10/20/2017 19:11, 
60,BANGOR,BNGC1,-121.386228,39.380747,803,6.1,2,America/Los_Angeles,1/1/1970 0:00,10/20/2017 18:51, 
59,BALD MTN LOC,BDMC1,-120.705222,38.904167,4613,6.1,2,America/Los_Angeles,12/2/1999 0:00,10/20/2017 19:36, 
58,ASH CREEK,MCCC1,-121.980569,41.276808,3677,6.1,2,America/Los_Angeles,12/2/1999 0:00,10/20/2017 19:00, 
57,ARROYO SECO,ASRC1,-121.479881,36.235481,879,6.1,2,America/Los_Angeles,12/2/1999 0:00,10/20/2017 19:04, 
56,ARROYO GRANDE,ARGC1,-120.392719,35.179147,1048,6.1,2,America/Los_Angeles,6/23/2000 0:00,10/20/2017 18:54, 
55,ALDER SPRINGS,ECKC1,-122.724533,39.651617,4543,6.1,2,America/Los_Angeles,12/2/1999 0:00,10/20/2017 19:24, 
54,ALDER POINT,ALDC1,-123.591061,40.186017,1059,6.1,2,America/Los_Angeles,12/2/1999 0:00,10/20/2017 18:51, 
62,BEAR PEAK,BPKC1,-118.075556,35.881944,8228,6.1,2,America/Los_Angeles,12/2/1999 0:00,10/20/2017 19:10, 
95,BANNER ROAD,ESPC1,-120.48975,38.284417,2803,6.1,2,America/Los_Angeles,12/2/1999 0:00,10/20/2017 19:13, 
73,BRAZIE RANCH,BZRC1,-122.599903,41.675756,3090,6.1,2,America/Los_Angeles,12/2/1999 0:00,10/20/2017 18:54, 
75,BROOKS,BKSC1,-122.144686,38.738364,354,6.1,2,America/Los_Angeles,12/2/1999 0:00,10/20/2017 18:59, 
93,DOYLE,DYLC1,-120.093722,40.058861,4320,6.1,2,America/Los_Angeles,1/1/1970 0:00,10/20/2017 19:11, 
92,READER RANCH,RRRC1,-121.11725,39.303514,1968,6.1,2,America/Los_Angeles,12/2/1999 0:00,10/20/2017 19:13, 
91,DIABLO GRANDE,DBLC1,-121.295381,37.329269,1861,6.1,2,America/Los_Angeles,12/2/1999 0:00,10/20/2017 19:00, 
90,DEVILS GARDEN,ATSC1,-120.672544,41.528394,5049,6.1,2,America/Los_Angeles,12/2/1999 0:00,10/20/2017 18:55, 
89,CRESTVIEW,CRVC1,-118.996581,37.737447,7570,6.1,2,America/Los_Angeles,12/2/1999 0:00,10/20/2017 18:53, 
88,CRAZY PEAK,CRZC1,-123.612222,41.976389,3970,6.1,2,America/Los_Angeles,12/2/1999 0:00,10/20/2017 19:38, 
87,County Line,WISC1,-122.411694,39.018833,2085,6.1,2,America/Los_Angeles,12/2/1999 0:00,10/20/2017 19:36, 
86,CORRALITOS,CTOC1,-121.804881,36.990856,327,6.1,2,America/Los_Angeles,12/2/1999 0:00,10/20/2017 19:27, 
74,BRIONES,PLEC1,-122.117778,37.934167,1450,6.1,2,America/Los_Angeles,12/2/1999 0:00,10/20/2017 19:28, 
85,CORNING,CRGC1,-122.169733,39.938944,289,6.1,2,America/Los_Angeles,12/2/1999 0:00,10/20/2017 18:55, 
83,COHASSET,CSTC1,-121.768983,39.871836,1733,6.1,2,America/Los_Angeles,12/2/1999 0:00,10/20/2017 18:51, 
82,OPENSHAW,CICC1,-121.635161,39.589833,268,6.1,2,America/Los_Angeles,12/2/1999 0:00,10/20/2017 18:54, 
81,CHESTER,CESC1,-121.243939,40.292608,4547,6.1,2,America/Los_Angeles,12/2/1999 0:00,10/20/2017 19:02, 
80,CRANE,CNFC1,-119.820561,37.759469,6634,6.1,2,America/Los_Angeles,4/26/2000 0:00,10/20/2017 19:00, 
79,CARRIZO,CAZC1,-119.773222,35.096528,2490,6.1,2,America/Los_Angeles,12/2/1999 0:00,10/20/2017 19:00, 
78,CALLAHAN #2,CLNC1,-122.825525,41.299739,3910,6.1,2,America/Los_Angeles,12/2/1999 0:00,10/20/2017 19:16, 
77,CALAVERAS ROAD,PEAC1,-121.843889,37.553056,1230,6.1,2,America/Los_Angeles,12/2/1999 0:00,10/20/2017 19:18, 
76,BULL FLAT,BUFC1,-120.115083,40.481472,4678,6.1,2,America/Los_Angeles,1/1/1970 0:00,10/20/2017 19:40, 
84,COOSKIE MOUNTAIN,PTEC1,-124.266028,40.256833,2945,6.1,2,America/Los_Angeles,12/2/1999 0:00,10/20/2017 19:08, 
139,PARK RIDGE,PRGC1,-118.9425,36.724167,7540,6.1,2,America/Los_Angeles,5/30/2000 0:00,10/20/2017 19:00, 
140,PARKFIELD,PKFC1,-120.433286,35.898306,1525,6.1,2,America/Los_Angeles,12/2/1999 0:00,10/20/2017 18:55, 
141,PATTYMOCUS,PMCC1,-122.874689,40.286083,3772,6.1,2,America/Los_Angeles,12/2/1999 0:00,10/20/2017 19:35, 
204,RATTLESNAKE,MKGC1,-118.421667,36.406944,8600,6.1,2,America/Los_Angeles,6/11/2001 0:00,10/4/2017 16:11, 
203,PINNACLES,PCLC1,-121.147278,36.47075,1322,6.1,2,America/Los_Angeles,4/3/2001 0:00,10/20/2017 19:37, 
403,CALFIRE PORTABLE 34,TT469,-120.6825,35.326111,381,6.1,2,America/Los_Angeles,8/30/2017 20:16,10/20/2017 19:14, 
201,NORTH FORK,NFRC1,-119.505847,37.233069,2721,6.1,2,America/Los_Angeles,4/3/2001 0:00,10/20/2017 18:55, 
200,MT. SHASTA,MSAC1,-122.316561,41.315336,3573,6.1,2,America/Los_Angeles,4/3/2001 0:00,10/20/2017 18:54, 
199,MOUNTAIN REST,MTQC1,-119.372089,37.054114,4110,6.1,2,America/Los_Angeles,1/1/1970 0:00,10/20/2017 18:52, 
198,MAD RIVER,MDDC1,-123.523775,40.462994,2873,6.1,2,America/Los_Angeles,4/3/2001 0:00,10/20/2017 18:53, 
197,JOHNSONDALE,JSNC1,-118.540739,35.971133,4684,6.1,2,America/Los_Angeles,4/3/2001 0:00,10/20/2017 18:55, 
205,RODEO VALLEY,RDVC1,-123.321292,39.667958,2428,6.1,2,America/Los_Angeles,4/3/2001 0:00,10/20/2017 19:28, 
196,INDIAN WELL,IDWC1,-121.506389,41.711667,4777,6.1,2,America/Los_Angeles,4/3/2001 0:00,10/20/2017 19:01, 
194,KNF92 (PATTERSON RIDGE),TR139,-122.992778,41.497333,6400,6.1,2,America/Los_Angeles,4/3/2001 0:00,9/21/2017 15:45, 
193,BLUE MOUNTAIN,BMUC1,-120.863381,41.829908,5746,6.1,2,America/Los_Angeles,4/3/2001 0:00,10/20/2017 19:27, 
192,Eagle Peak,EPKC1,-122.641944,39.926944,3713,6.1,2,America/Los_Angeles,4/3/2001 0:00,10/20/2017 19:03, 
191,COLLINS BALDY,CLBC1,-122.951819,41.774964,5476,6.1,2,America/Los_Angeles,4/3/2001 0:00,10/20/2017 19:31, 
190,HIDDEN VALLEY,HDVC1,-120.626944,40.441917,4452,6.1,2,America/Los_Angeles,1/1/1970 0:00,10/20/2017 19:11, 
189,BLACKROCK,BKRC1,-118.261081,36.093453,8114,6.1,2,America/Los_Angeles,4/3/2001 0:00,10/20/2017 18:52, 
188,MINARETS,MTTC1,-119.345853,37.40715,5313,6.1,2,America/Los_Angeles,12/2/1999 0:00,10/20/2017 18:59, 
187,MAJUBA,MJBN2,-118.519889,40.77275,5293,6.1,2,America/Los_Angeles,1/1/1997 0:00,10/20/2017 19:47, 
195,HAYFORK,HYFC1,-123.165133,40.548514,2325,6.1,2,America/Los_Angeles,4/3/2001 0:00,10/20/2017 19:24, 
186,TEXAS SPRINGS,TEXN2,-118.451361,41.800861,5760,6.1,2,America/Los_Angeles,1/1/1997 0:00,10/20/2017 19:38, 
206,RUSH CREEK,RSHC1,-120.869606,41.288078,5543,6.1,2,America/Los_Angeles,4/3/2001 0:00,10/20/2017 19:03, 
208,UHL,UHLC1,-118.648336,35.886675,3768,6.1,2,America/Los_Angeles,4/3/2001 0:00,10/20/2017 18:59, 
226,CALFIRE PORTABLE 27,TR113,-120.552806,38.746417,4033,6.1,2,America/Los_Angeles,6/26/2001 0:00,10/11/2017 15:52, 
225,CALFIRE PORTABLE 12,TR112,-123.16,39.232,2800,6.1,2,America/Los_Angeles,10/31/2001 0:00,10/19/2017 16:25, 
224,CALFIRE PORTABLE 22,TR107,-120.303817,40.351517,3990,6.1,2,America/Los_Angeles,10/11/2001 0:00,10/20/2017 19:49, 
223,CFA RAWS,CFAC1,-120.930278,38.38,660,6.1,2,America/Los_Angeles,9/7/2001 0:00,10/20/2017 19:05, 
222,CATHEYS VALLEY,CVBC1,-120.076967,37.380242,1234,6.1,2,America/Los_Angeles,12/11/2001 0:00,10/20/2017 19:27, 
221,CARPENTER RIDGE,CDEC1,-121.584,40.068656,4816,6.1,2,America/Los_Angeles,6/26/2001 0:00,10/20/2017 18:54, 
220,BLUE RIDGE (KNF),BUGC1,-123.188969,41.269094,5859,6.1,2,America/Los_Angeles,6/26/2001 0:00,10/20/2017 18:51, 
219,PNF13 PORTABLE,TR999,-120.761633,39.77025,6881,6.1,2,America/Los_Angeles,4/9/2002 0:00,10/20/2017 19:34, 
207,SUGARLOAF (SHF),SLFC1,-122.434833,40.915961,3259,6.1,2,America/Los_Angeles,6/1/2001 0:00,10/20/2017 19:19, 
218,BATTERSON,BSNC1,-119.629531,37.378422,3176,6.1,2,America/Los_Angeles,6/26/2001 0:00,10/20/2017 19:48, 
216,BACKBONE,BABC1,-123.142514,40.889286,4609,6.1,2,America/Los_Angeles,6/26/2001 0:00,10/20/2017 19:32, 
215,ARBUCKLE BASIN,PLIC1,-122.830933,40.437836,2452,6.1,2,America/Los_Angeles,12/11/2001 0:00,10/20/2017 18:54, 
214,DOG VALLEY,DOGC1,-120.047778,39.561944,5976,6.1,2,America/Los_Angeles,5/2/2001 0:00,10/20/2017 19:49, 
213,WALKER,WALC1,-119.459167,38.565278,5440,6.1,2,America/Los_Angeles,4/19/2001 0:00,10/20/2017 19:48, 
212,PINEHURST,PHRC1,-119.018703,36.697333,4066,6.1,2,America/Los_Angeles,4/19/2001 0:00,10/20/2017 18:58, 
211,SURPRISE VALLEY,SSYC1,-120.161444,41.622278,4591,6.1,2,America/Los_Angeles,4/3/2001 0:00,10/20/2017 19:39, 
210,HOPLAND UC,HPDC1,-123.080556,39.030833,2682,6.1,2,America/Los_Angeles,4/3/2001 0:00,10/20/2017 19:15, 
209,FIVE CENT,WEFC1,-122.932136,40.753647,2602,6.1,2,America/Los_Angeles,4/3/2001 0:00,10/20/2017 19:20, 
217,WOFFORD HEIGHTS,WFHC1,-118.498889,35.721667,3935,6.1,2,America/Los_Angeles,6/26/2001 0:00,10/20/2017 19:00, 
185,JUNIPER SPRINGS,JSPN2,-119.776722,41.0805,5536,6.1,2,America/Los_Angeles,7/28/1998 0:00,10/20/2017 19:24, 
184,FOX MOUNTAIN,FOXN2,-119.568056,41.006111,6890,6.1,2,America/Los_Angeles,7/28/1998 0:00,10/20/2017 19:37, 
183,FISH SPRINGS,FISN2,-119.64175,38.924694,5230,6.1,2,America/Los_Angeles,7/28/1998 0:00,10/20/2017 19:33, 
159,SODA CREEK,SOAC1,-122.977222,39.425,1725,6.1,2,America/Los_Angeles,12/2/1999 0:00,10/20/2017 19:21, 
158,SLATER BUTTE,ATRC1,-123.353661,41.858336,4621,6.1,2,America/Los_Angeles,12/2/1999 0:00,10/20/2017 18:52, 
157,SIMS,SMSC1,-122.369931,41.071303,2537,6.1,2,America/Los_Angeles,12/2/1999 0:00,10/20/2017 19:32, 
156,SHADEQUARTER,SHQC1,-118.957875,36.567072,4340,6.1,2,America/Los_Angeles,12/2/1999 0:00,10/20/2017 18:55, 
155,SECRET TOWN,SETC1,-120.884422,39.183833,2757,6.1,2,America/Los_Angeles,12/2/1999 0:00,10/20/2017 19:28, 
154,SCORPION,CFCC1,-122.697467,41.109483,3365,6.1,2,America/Los_Angeles,12/2/1999 0:00,10/20/2017 19:31, 
153,SAWYERS BAR,SWBC1,-123.129714,41.301233,2455,6.1,2,America/Los_Angeles,12/2/1999 0:00,10/20/2017 19:22, 
152,SANTA ROSA,RSAC1,-122.711797,38.478483,599,6.1,2,America/Los_Angeles,12/2/1999 0:00,10/20/2017 19:29, 
160,SOLDIER MTN,SDRC1,-121.584325,40.926781,3704,6.1,2,America/Los_Angeles,12/2/1999 0:00,10/20/2017 19:13, 
151,SANTA RITA,SRTC1,-120.600111,36.348111,5036,6.1,2,America/Los_Angeles,12/2/1999 0:00,10/20/2017 18:57, 
149,ROSE PEAK,RSPC1,-121.735556,37.501944,3060,6.1,2,America/Los_Angeles,12/2/1999 0:00,10/20/2017 19:28, 
148,QUINCY RD,QYRC1,-120.941944,39.973333,3652,6.1,2,America/Los_Angeles,12/2/1999 0:00,10/20/2017 19:15, 
147,QUARTZ HILL,QTZC1,-122.933675,41.599119,4225,6.1,2,America/Los_Angeles,12/2/1999 0:00,10/20/2017 19:28, 
146,PULGAS,PUGC1,-122.298056,37.475,644,6.1,2,America/Los_Angeles,12/2/1999 0:00,10/20/2017 19:18, 
145,POVERTY,MIPC1,-121.770556,37.443056,2066,6.1,2,America/Los_Angeles,5/11/2002 0:00,10/20/2017 19:19, 
144,PILOT HILL,PLTC1,-121.0092,38.831681,1249,6.1,2,America/Los_Angeles,12/2/1999 0:00,10/20/2017 18:56, 
143,Pike County Lookout,PKCC1,-121.202394,39.474683,3701,6.1,2,America/Los_Angeles,12/2/1999 0:00,10/20/2017 19:10, 
142,PIERCE,PIEC1,-120.642222,40.246111,5811,6.1,2,America/Los_Angeles,12/2/1999 0:00,10/20/2017 19:15, 
150,ROUND MOUNTAIN,RNDC1,-121.462633,41.427042,5255,6.1,2,America/Los_Angeles,12/2/1999 0:00,10/20/2017 19:15, 
161,SOMES BAR,SMBC1,-123.492589,41.390267,915,6.1,2,America/Los_Angeles,12/2/1999 0:00,10/20/2017 19:16, 
162,SPRING VALLEY,HSPC1,-122.436389,37.5625,1075,6.1,2,America/Los_Angeles,12/2/1999 0:00,10/20/2017 19:18, 
163,STAMPEDE,SMDC1,-120.086975,39.471094,6207,6.1,2,America/Los_Angeles,12/2/1999 0:00,10/20/2017 19:33, 
182,DRY CANYON,DRYN2,-119.113444,41.443583,4900,6.1,2,America/Los_Angeles,7/28/1998 0:00,10/20/2017 19:38, 
181,DESERT SPRINGS,DESN2,-119.77,39.6725,5280,6.1,2,America/Los_Angeles,7/28/1998 0:00,10/20/2017 19:40, 
180,DEAD CAMEL MOUNTAIN,DEDN2,-118.943083,39.261972,4549,6.1,2,America/Los_Angeles,7/28/1998 0:00,10/20/2017 19:47, 
179,CATNIP MOUNTAIN,CATN2,-119.497194,41.921861,5750,6.1,2,America/Los_Angeles,7/28/1998 0:00,10/20/2017 19:27, 
178,BUFFALO CREEK,BUFN2,-119.788806,40.580583,3940,6.1,2,America/Los_Angeles,1/1/1970 0:00,10/20/2017 18:59, 
177,BLUEWING MOUNTAIN,BLUN2,-119.121611,40.501472,4570,6.1,2,America/Los_Angeles,7/28/1998 0:00,10/20/2017 19:37, 
176,BARREL SPRINGS,BRLN2,-119.939333,41.910722,5731,6.1,2,America/Los_Angeles,7/28/1998 0:00,10/20/2017 18:59, 
175,YOLLA BOLLA,YOBC1,-123.065622,40.337447,4481,6.1,2,America/Los_Angeles,12/2/1999 0:00,10/20/2017 19:35, 
174,WWOLF,WWRC1,-119.651667,37.859417,8038,6.1,2,America/Los_Angeles,12/2/1999 0:00,10/20/2017 18:53, 
173,WOLVERTON,WVTC1,-118.703333,36.445,5240,6.1,2,America/Los_Angeles,12/2/1999 0:00,10/20/2017 19:24, 
172,WHITMORE,WITC1,-121.899622,40.619475,2499,6.1,2,America/Los_Angeles,12/2/1999 0:00,10/20/2017 19:25, 
171,WHITE CLOUD,CISC1,-120.8375,39.316667,4320,6.1,2,America/Los_Angeles,12/2/1999 0:00,10/20/2017 19:33, 
170,WESTWOOD,WWDC1,-120.903322,40.305867,6155,6.1,2,America/Los_Angeles,12/2/1999 0:00,10/20/2017 18:56, 
169,WEED AIRPORT,WEEC1,-122.454625,41.478925,2929,6.1,2,America/Los_Angeles,12/2/1999 0:00,10/20/2017 19:48, 
168,WALKER PASS,ONYC1,-118.056944,35.665833,5572,6.1,2,America/Los_Angeles,12/2/1999 0:00,10/20/2017 19:00, 
167,VAN BREMMER,VABC1,-121.794875,41.642967,5303,6.1,2,America/Los_Angeles,12/2/1999 0:00,10/20/2017 19:31, 
166,TRINITY CAMP,TCAC1,-122.804486,40.786419,3308,6.1,2,America/Los_Angeles,12/2/1999 0:00,10/20/2017 19:28, 
165,DOUBLE H,TR730,-118.044167,41.6525,6380,6.1,2,America/Los_Angeles,12/2/1999 0:00,10/20/2017 19:47, 
164,THOMES CREEK,TCKC1,-122.609903,39.854214,1029,6.1,2,America/Los_Angeles,12/2/1999 0:00,10/20/2017 19:28, 
228,DINKEY,DKYC1,-119.157264,37.066492,5737,6.1,2,America/Los_Angeles,6/26/2001 0:00,10/20/2017 19:05, 
404,BLACK ROCK PLAYA,TT484,-119.194222,40.756667,3916,6.1,2,UTC,12:04.5,12:04.5, 
