,stn_name,stn_id,stn_lon,stn_lat,stn_ele,stn_obs_hgt,stn_mnet_id,stn_tmzn,stn_datetime_start,stn_datetime_end,stn_state,stn_county,stn_cwa,stn_notes
520,3 Springs Road,PG477,-121.76211,37.36394,1515.0,10.0,229,America/Los_Angeles,2019-07-19 00:14:00,2019-10-09 19:20:00,CA,Santa Clara,MTR, 
425,Airline Highway,PG406,-121.18233,36.56704,1455.0,10.0,229,America/Los_Angeles,2019-05-23 21:14:00,2019-10-09 19:20:00,CA,San Benito,MTR, 
230,Airola Road,PG161,-120.46842,38.03895,1735.0,10.0,229,America/Los_Angeles,2018-10-25 20:34:00,2019-10-09 19:20:00,CA,Calaveras,STO, 
310,Airport Road,PG273,-123.85446,40.19971,1797.0,10.0,229,America/Los_Angeles,2019-04-12 15:44:00,2019-10-09 19:20:00,CA,Humboldt,EKA, 
84,Alcalde,LDEC1,-120.498611,36.183333,2728.0,6.1,2,America/Los_Angeles,2017-10-25 17:26:00,2019-10-09 19:20:00,CA,Fresno,HNX, 
382,Alder Point Road,PG343,-123.75931,40.41458,1890.0,10.0,229,America/Los_Angeles,2019-05-09 20:04:00,2019-10-09 19:20:00,CA,Humboldt,EKA, 
110,Alhambra Valley Road,PG008,-122.2008,37.96331,1008.0,10.0,229,America/Los_Angeles,2018-06-09 18:14:00,2019-10-09 19:20:00,CA,Contra Costa,MTR, 
237,Alpine Road,PG152,-122.20147,37.30245,2031.0,10.0,229,America/Los_Angeles,2018-10-31 15:04:00,2019-10-09 19:20:00,CA,San Mateo,MTR, 
111,Alta-Bonnynook Road,PG028,-120.81131,39.20696,3566.0,10.0,229,America/Los_Angeles,2018-06-09 18:14:00,2019-10-09 19:20:00,CA,Placer,STO, 
10,Altamont,AATC1,-121.609333,37.693028,1436.0,6.1,2,America/Los_Angeles,2009-05-22 00:00:00,2019-10-09 19:12:00,CA,Alameda,MTR, 
357,Altatina Drive,PG337,-121.70226,39.81336,1808.0,10.0,229,America/Los_Angeles,2019-05-01 18:14:00,2019-10-09 19:20:00,CA,Butte,STO, 
535,American River Overlook,PG481,-120.80805,38.951,3018.0,10.0,229,America/Los_Angeles,2019-08-02 15:14:00,2019-10-09 19:20:00,CA,El Dorado,STO, 
0,Amset Portable,TS678,-121.0186,39.2694,2585.0,6.1,2,America/Los_Angeles,2007-05-30 00:00:00,2009-08-14 21:26:00,CA,Nevada,STO, 
445,Antelope Road,PG374,-119.26313,36.70521,1804.0,10.0,229,America/Los_Angeles,2019-05-30 21:44:00,2019-10-09 19:20:00,CA,Fresno,HNX, 
466,Anza Drive,PG435,-119.66628,37.061,1301.0,10.0,229,America/Los_Angeles,2019-06-12 00:14:00,2019-10-09 19:20:00,CA,Madera,HNX, 
398,Aptos Creek Road,PG352,-121.90301,36.98604,173.0,10.0,229,America/Los_Angeles,2019-05-15 03:14:00,2019-10-09 19:20:00,CA,Santa Cruz,MTR, 
548,Armstrong Road,PG392,-120.44913,38.23536,2684.0,10.0,229,America/Los_Angeles,2019-08-08 00:14:00,2019-10-09 19:20:00,CA,Calaveras,STO, 
196,Arroyo Vista,PG111,-121.0545,38.73045,1081.0,10.0,229,America/Los_Angeles,2018-10-10 19:44:00,2019-10-09 19:10:00,CA,El Dorado,STO, 
39,Atlas Peak,ATLC1,-122.2648,38.474847,1934.0,6.1,2,America/Los_Angeles,2011-01-20 00:00:00,2019-10-09 18:29:00,CA,Napa,MTR, 
132,Atlas Peak Road,PG044,-122.24344,38.43476,1987.0,10.0,229,America/Los_Angeles,2018-06-15 17:24:00,2019-10-09 19:20:00,CA,Napa,MTR, 
278,Auberry And Jose Basin Road,PG220,-119.472,37.0894,2631.0,10.0,229,America/Los_Angeles,2019-03-14 14:14:00,2019-10-09 19:20:00,CA,Fresno,HNX, 
276,Auberry Road,PG218,-119.4417,37.0863,4100.0,10.0,229,America/Los_Angeles,2019-03-14 14:14:00,2019-10-09 19:20:00,CA,Fresno,HNX, 
465,Ave 380,PG426,-119.09951,36.47903,553.0,10.0,229,America/Los_Angeles,2019-06-12 00:14:00,2019-10-09 19:20:00,CA,Tulare,HNX, 
176,Avery Sheep Ranch Road,PG093,-120.3816,38.2054,3578.0,10.0,229,America/Los_Angeles,2018-08-22 14:24:00,2019-10-09 19:20:00,CA,Calaveras,STO, 
322,Bair Road,PG253,-123.84179,40.96508,717.0,10.0,229,America/Los_Angeles,2019-04-15 20:24:00,2019-10-09 19:20:00,CA,Humboldt,EKA, 
495,Baker Ridge,PG438,-122.6601,40.49823,1890.0,10.0,229,America/Los_Angeles,2019-07-06 21:14:00,2019-10-09 19:20:00,CA,Shasta,STO, 
299,Bald Hill Road,PG277,-123.71456,41.11595,1633.0,10.0,229,America/Los_Angeles,2019-04-11 20:04:00,2019-10-09 19:20:00,CA,Humboldt,EKA, 
164,Bald Mountain,PG081,-123.19746,38.94239,2874.0,10.0,229,America/Los_Angeles,2018-08-16 00:34:00,2019-10-09 19:20:00,CA,Mendocino,EKA, 
264,Bald Mountain Road,PG202,-119.41238,37.06054,4620.0,10.0,229,America/Los_Angeles,2018-12-21 02:34:00,2019-10-09 19:20:00,CA,Fresno,HNX, 
592,Bald Mountain Tower,PG490,-122.12194,38.78833,1800.0,10.0,229,America/Los_Angeles,2019-08-26 03:24:00,2019-10-09 19:20:00,CA,Yolo,STO, 
485,Banderilla Road,PG459,-120.3414,37.65452,1214.0,10.0,229,America/Los_Angeles,2019-06-25 03:14:00,2019-10-09 19:20:00,CA,Mariposa,HNX, 
126,Banner Road,PG025,-120.94354,39.2525,3580.0,10.0,229,America/Los_Angeles,2018-06-13 19:34:00,2019-10-09 19:20:00,CA,Nevada,STO, 
224,Banner Road South,PG148,-120.4824,38.2909,2640.0,10.0,229,America/Los_Angeles,2018-10-24 02:14:00,2019-10-09 19:20:00,CA,Calaveras,STO, 
391,Bar Ranch Road,PG348,-121.16454,39.25555,1959.0,10.0,229,America/Los_Angeles,2019-05-11 20:34:00,2019-10-09 19:20:00,CA,Nevada,STO, 
42,Baron,RWBC1,-120.024283,38.854453,6336.0,6.1,2,America/Los_Angeles,2011-07-21 00:00:00,2019-10-09 18:51:00,CA,El Dorado,REV, 
333,Barry Road,PG285,-123.98948,40.71897,2306.0,10.0,229,America/Los_Angeles,2019-04-23 18:14:00,2019-10-09 19:20:00,CA,Humboldt,EKA, 
351,Bartlett Springs Road,PG301,-122.47966,39.16475,2364.0,10.0,229,America/Los_Angeles,2019-04-30 15:24:00,2019-10-09 19:20:00,CA,Colusa,STO, 
197,Barton,PG108,-120.54155,38.44207,3328.0,10.0,229,America/Los_Angeles,2018-09-15 18:14:00,2019-10-09 19:10:00,CA,Amador,STO, 
399,Bass Lake Road,PG357,-121.03204,38.65942,1067.0,10.0,229,America/Los_Angeles,2019-05-17 22:04:00,2019-10-09 19:20:00,CA,El Dorado,STO, 
294,Bay Lane,PG267,-119.17,36.7133,2780.0,10.0,229,America/Los_Angeles,2019-04-02 06:34:00,2019-10-09 19:20:00,CA,Fresno,HNX, 
331,Bear Butte Road,PG254,-123.83931,40.2089,1088.0,10.0,229,America/Los_Angeles,2019-04-20 06:14:00,2019-10-09 19:20:00,CA,Humboldt,EKA, 
115,Bear Creek,PG063,-122.20455,37.911,690.0,10.0,229,America/Los_Angeles,2018-07-17 22:24:00,2019-10-09 19:20:00,CA,Contra Costa,MTR, 
542,Bear Mountain Road,PG526,-122.28484,40.68708,782.0,10.0,229,America/Los_Angeles,2019-08-06 00:14:00,2019-10-09 19:20:00,CA,Shasta,STO, 
252,Bear Valley Road,PG195,-122.43961,39.15678,1340.0,10.0,229,America/Los_Angeles,2018-12-05 18:14:00,2019-10-09 19:20:00,CA,Colusa,STO, 
563,Bear Valley Sub Station,PG518,-120.12745,37.60044,1788.0,10.0,229,America/Los_Angeles,2019-08-12 00:14:00,2019-10-09 19:20:00,CA,Mariposa,HNX, 
379,Beegum Gorge,PG299,-122.88809,40.35695,2678.0,10.0,229,America/Los_Angeles,2019-05-08 06:14:00,2019-10-09 19:20:00,CA,Shasta,STO, 
630,Beegum Road,PG538,-122.31075,40.22468,406.0,10.0,229,America/Los_Angeles,2019-09-12 15:14:00,2019-10-09 19:20:00,CA,Tehama,STO, 
434,Ben Hur Road South,PG394,-119.97009,37.30965,1079.0,10.0,229,America/Los_Angeles,2019-05-28 15:34:00,2019-10-09 19:20:00,CA,Mariposa,HNX, 
201,Berry Creek,PG099,-121.4295,39.63923,1775.0,10.0,229,America/Los_Angeles,2018-11-04 10:04:00,2019-10-09 19:20:00,CA,Butte,STO, 
105,Berryessa Knoxville Road,PG048,-122.21401,38.50907,603.0,10.0,229,America/Los_Angeles,2018-06-06 19:14:00,2019-10-09 19:20:00,CA,Napa,MTR, 
470,Best Way Road,PG434,-119.80015,37.19771,1059.0,10.0,229,America/Los_Angeles,2019-06-14 03:14:00,2019-10-09 19:20:00,CA,Madera,HNX, 
506,Big Basin Sub,PG472,-122.17139,37.13039,2636.0,10.0,229,America/Los_Angeles,2019-07-09 22:04:00,2019-10-09 19:20:00,CA,Santa Cruz,MTR, 
444,Big Oak Flat Road,PG395,-120.01258,37.8246,2883.0,10.0,229,America/Los_Angeles,2019-05-29 18:14:00,2019-10-09 19:20:00,CA,Tuolumne,STO, 
265,Big Valley Road,PG183,-122.85694,38.99056,1356.0,10.0,229,America/Los_Angeles,2018-12-22 18:14:00,2019-10-09 19:20:00,CA,Lake,STO, 
216,Bigrock Ridge,PG123,-122.59615,38.05436,1636.0,10.0,229,America/Los_Angeles,2018-10-12 14:34:00,2019-10-09 19:10:00,CA,Marin,MTR, 
257,Black Bart Trail,PG187,-123.14974,39.25793,1790.0,10.0,229,America/Los_Angeles,2018-12-18 15:34:00,2019-10-09 19:20:00,CA,Mendocino,EKA, 
191,Black Butte,PG107,-121.99563,40.49739,1866.0,10.0,229,America/Los_Angeles,2018-08-31 17:44:00,2019-10-09 19:10:00,CA,Shasta,STO, 
217,Blackhawk Drive,PG135,-123.38776,39.35308,2215.0,10.0,229,America/Los_Angeles,2018-10-18 18:14:00,2019-10-09 19:20:00,CA,Mendocino,EKA, 
239,Blackhawk West,PG160,-123.37315,39.35493,2255.0,10.0,229,America/Los_Angeles,2018-11-08 18:14:00,2019-10-09 19:20:00,CA,Mendocino,EKA, 
47,Blacks Mountain,BKOC1,-121.178953,40.724567,5725.0,6.1,2,America/Los_Angeles,2011-12-07 00:00:00,2019-10-09 19:05:00,CA,Lassen,REV, 
390,Blocksburg,PG323,-123.64113,40.28052,1639.0,10.0,229,America/Los_Angeles,2019-05-11 20:34:00,2019-10-09 19:20:00,CA,Humboldt,EKA, 
345,Bloomer Hill,PG264,-121.46339,39.65268,2982.0,10.0,229,America/Los_Angeles,2019-04-29 18:14:00,2019-10-09 19:20:00,CA,Butte,STO, 
451,Blue Heron Road,PG410,-119.50135,37.04611,1674.0,10.0,229,America/Los_Angeles,2019-06-01 15:14:00,2019-10-09 19:20:00,CA,Fresno,HNX, 
78,Blue Mtn Lookout,ULBC1,-120.364694,38.342333,6043.0,6.1,2,America/Los_Angeles,2016-08-24 19:36:00,2019-10-09 18:33:00,CA,Calaveras,STO, 
362,Blue Sky Road,PG307,-122.19561,40.66059,576.0,10.0,229,America/Los_Angeles,2019-05-03 14:44:00,2019-10-09 19:20:00,CA,Shasta,STO, 
214,Bluff Springs,PG130,-121.8112,40.4188,3133.0,10.0,229,America/Los_Angeles,2018-10-11 01:14:00,2019-10-09 19:10:00,CA,Tehama,STO, 
261,Bohlman Road,PG154,-122.03322,37.21903,2523.0,10.0,229,America/Los_Angeles,2018-12-20 18:14:00,2019-10-09 19:20:00,CA,Santa Clara,MTR, 
129,Bohnen Road,PG062,-121.96026,37.07465,1072.0,10.0,229,America/Los_Angeles,2018-06-14 13:14:00,2019-10-09 19:20:00,CA,Santa Cruz,MTR, 
38,Bolam,BOLC1,-122.209714,41.534125,4489.0,6.1,2,America/Los_Angeles,2011-08-01 00:00:00,2019-10-09 19:03:00,CA,Siskiyou,MFR, 
620,Bolinas Ridge Road,PG489,-122.67639,37.9514,1623.0,10.0,229,America/Los_Angeles,2019-09-02 18:14:00,2019-10-09 19:20:00,CA,Marin,MTR, 
291,Booneville,PG252,-123.37969,39.00962,386.0,10.0,229,America/Los_Angeles,2019-04-02 06:14:00,2019-10-09 19:20:00,CA,Mendocino,EKA, 
565,Bootjack,PG522,-119.88278,37.46335,2248.0,10.0,229,America/Los_Angeles,2019-08-12 15:14:00,2019-10-09 19:20:00,CA,Mariposa,HNX, 
395,Briceland Thorn Road,PG365,-123.96312,40.06473,981.0,10.0,229,America/Los_Angeles,2019-05-11 21:04:00,2019-10-09 19:20:00,CA,Humboldt,EKA, 
376,Bridgeville Farmhouse,PG338,-123.72375,40.33299,2276.0,10.0,229,America/Los_Angeles,2019-05-07 18:14:00,2019-10-09 19:20:00,CA,Humboldt,EKA, 
120,Briones Road,PG064,-122.13714,37.95705,794.0,10.0,229,America/Los_Angeles,2018-06-13 09:14:00,2019-10-09 19:20:00,CA,Contra Costa,MTR, 
100,Broadway Street,PG014,-122.21807,37.85414,755.0,10.0,229,America/Los_Angeles,2018-06-06 14:14:00,2019-10-09 19:20:00,CA,Alameda,MTR, 
348,Brownsville,PG309,-121.28217,39.4541,2059.0,10.0,229,America/Los_Angeles,2019-04-30 06:34:00,2019-10-09 19:20:00,CA,Yuba,STO, 
12,Brush Mountain,BHTC1,-123.668781,40.913933,3941.0,6.1,2,America/Los_Angeles,2010-01-01 00:00:00,2019-10-09 18:46:00,CA,Humboldt,EKA, 
484,Bucks Lake Fire Department,PG458,-121.17419,39.8685,5169.0,10.0,229,America/Los_Angeles,2019-06-24 20:44:00,2019-10-09 19:20:00,CA,Plumas,STO, 
350,Bucks Lake Road,PG315,-120.98215,39.94472,3443.0,10.0,229,America/Los_Angeles,2019-04-30 06:34:00,2019-10-09 19:20:00,CA,Plumas,STO, 
355,Bucks Lake Road West,PG311,-121.06098,39.93123,3793.0,10.0,229,America/Los_Angeles,2019-05-01 18:14:00,2019-10-09 19:20:00,CA,Plumas,STO, 
388,Bumper Road,PG359,-120.87774,38.65053,1572.0,10.0,229,America/Los_Angeles,2019-05-10 18:14:00,2019-10-09 19:20:00,CA,El Dorado,STO, 
454,Burma Road,PG408,-119.32605,36.86773,1339.0,10.0,229,America/Los_Angeles,2019-06-01 15:14:00,2019-10-09 19:20:00,CA,Fresno,HNX, 
274,Burney Falls,PG137,-121.63145,41.04457,3070.0,10.0,229,America/Los_Angeles,2019-01-08 18:14:00,2019-10-09 19:20:00,CA,Shasta,STO, 
486,Butterfield Stage Road,PG460,-119.67304,37.14073,1555.0,10.0,229,America/Los_Angeles,2019-06-25 03:14:00,2019-10-09 19:20:00,CA,Madera,HNX, 
166,Butts Canyon Road North,PG085,-122.57689,38.7449,1091.0,10.0,229,America/Los_Angeles,2018-08-16 00:34:00,2019-10-09 19:20:00,CA,Lake,STO, 
319,Butts Canyon Road South,PG228,-122.44508,38.67801,1011.0,10.0,229,America/Los_Angeles,2019-04-17 15:24:00,2019-10-09 19:20:00,CA,Napa,MTR, 
143,Byron,KC83,-121.6244,37.8276,79.0,10.0,1,America/Los_Angeles,2018-08-02 16:41:00,2019-10-09 19:15:00,CA,Contra Costa,MTR, 
497,Cal Creek,PG450,-122.0593,40.55757,680.0,10.0,229,America/Los_Angeles,2019-07-06 21:14:00,2019-10-09 19:20:00,CA,Shasta,STO, 
69,Calfire 511,TT309,-121.263,38.925861,208.0,6.1,2,America/Los_Angeles,2015-06-03 18:51:00,2019-04-16 19:45:00,CA,Placer,STO, 
86,Calfire Portable 17,TT467,-122.194217,37.1413,2085.0,6.1,2,America/Los_Angeles,2017-09-02 00:26:00,2019-10-08 20:20:00,CA,Santa Cruz,MTR, 
87,Calfire Portable 44,TT468,-120.576139,38.020306,2352.0,6.1,2,America/Los_Angeles,2019-09-13 23:16:00,2019-10-09 19:14:00,CA,Calaveras,STO, 
88,Calfire Portable 55,TT470,-121.886389,40.868028,3441.0,6.1,2,America/Los_Angeles,2018-10-22 15:16:00,2018-12-25 09:14:00,CA,Shasta,STO, 
432,Candy Circle,PG372,-120.67031,38.31571,1681.0,10.0,229,America/Los_Angeles,2019-05-25 03:14:00,2019-10-09 19:20:00,CA,Calaveras,STO, 
490,Cannon Road,PG466,-122.49113,40.2127,955.0,10.0,229,America/Los_Angeles,2019-07-03 21:14:00,2019-10-09 19:20:00,CA,Tehama,STO, 
472,Cantelow Road,PG431,-122.02777,38.42756,618.0,10.0,229,America/Los_Angeles,2019-06-18 00:14:00,2019-10-09 19:20:00,CA,Solano,STO, 
617,Caribou Butte Valley Road,PG589,-121.14166,40.09184,4050.0,10.0,229,America/Los_Angeles,2019-09-01 06:14:00,2019-10-09 19:20:00,CA,Plumas,STO, 
448,Carmel Valley Road,PG416,-121.49475,36.32888,1423.0,10.0,229,America/Los_Angeles,2019-05-31 00:14:00,2019-10-09 19:20:00,CA,Monterey,MTR, 
529,Carson Drive,PG508,-120.57933,38.43324,3091.0,10.0,229,America/Los_Angeles,2019-07-26 03:14:00,2019-10-09 19:20:00,CA,Amador,STO, 
202,Casa Loma,PG124,-120.1164,37.81404,3028.0,10.0,229,America/Los_Angeles,2018-09-29 22:54:00,2019-10-09 19:10:00,CA,Tuolumne,STO, 
436,Cassel Road,PG346,-121.54988,40.91882,3188.0,10.0,229,America/Los_Angeles,2019-05-27 00:14:00,2019-10-09 19:20:00,CA,Shasta,STO, 
106,Castro Ranch Road,PG042,-122.2429,37.96847,242.0,10.0,229,America/Los_Angeles,2018-06-07 14:34:00,2019-10-09 19:20:00,CA,Contra Costa,MTR, 
383,Celestial Valley Road,PG350,-121.06618,39.41687,1779.0,10.0,229,America/Los_Angeles,2019-05-09 18:14:00,2019-10-09 19:20:00,CA,Yuba,STO, 
413,Center Gap Road,PG382,-121.67257,39.77332,646.0,10.0,229,America/Los_Angeles,2019-05-21 23:04:00,2019-10-09 19:20:00,CA,Butte,STO, 
183,Centerville,PG086,-122.47785,40.52166,850.0,10.0,229,America/Los_Angeles,2018-08-30 20:04:00,2019-10-09 19:20:00,CA,Shasta,STO, 
133,Chiles Pope Valley Road,PG045,-122.34542,38.54274,867.0,10.0,229,America/Los_Angeles,2018-06-15 17:24:00,2019-10-09 19:20:00,CA,Napa,MTR, 
440,China Gultch Road,PG404,-120.8991,38.26243,742.0,10.0,229,America/Los_Angeles,2019-05-28 21:14:00,2019-10-09 19:20:00,CA,Amador,STO, 
603,Chualar Canyon Road,PG543,-121.43021,36.59245,945.0,10.0,229,America/Los_Angeles,2019-08-29 00:14:00,2019-10-09 19:20:00,CA,Monterey,MTR, 
179,Circle K,PG078,-121.83914,40.52271,3760.0,10.0,229,America/Los_Angeles,2018-08-24 15:14:00,2019-10-09 19:20:00,CA,Shasta,STO, 
488,Clark Ranch Way,PG424,-121.23164,39.39839,2061.0,10.0,229,America/Los_Angeles,2019-06-26 00:14:00,2019-10-09 19:20:00,CA,Yuba,STO, 
314,Clark Road,PG300,-121.5778,39.77962,2112.0,10.0,229,America/Los_Angeles,2019-04-13 18:14:00,2019-10-09 19:20:00,CA,Butte,STO, 
481,Clark Road South,PG427,-121.60887,39.6939,710.0,10.0,229,America/Los_Angeles,2019-06-23 03:14:00,2019-10-09 19:20:00,CA,Butte,STO, 
438,Clements Road,PG398,-120.16929,37.87468,2984.0,10.0,229,America/Los_Angeles,2019-05-28 21:14:00,2019-10-09 19:20:00,CA,Tuolumne,STO, 
285,Cloverdale Peak,PG182,-122.9727,38.8682,2660.0,10.0,229,America/Los_Angeles,2019-03-28 15:24:00,2019-10-09 19:20:00,CA,Mendocino,EKA, 
623,Coal Creek Road,PG514,-122.33046,40.84803,1238.0,10.0,229,America/Los_Angeles,2019-09-03 21:14:00,2019-10-09 19:20:00,CA,Shasta,STO, 
312,Coalinga Road,PG260,-120.96318,36.40912,2153.0,10.0,229,America/Los_Angeles,2019-04-13 18:14:00,2019-10-09 19:20:00,CA,San Benito,MTR, 
457,Coast Road,PG409,-121.89811,36.37542,404.0,10.0,229,America/Los_Angeles,2019-06-05 00:14:00,2019-10-09 19:20:00,CA,Monterey,MTR, 
207,Cobb Ridge West,PG125,-122.80565,38.81537,3225.0,10.0,229,America/Los_Angeles,2018-10-01 20:14:00,2019-10-09 19:10:00,CA,Sonoma,MTR, 
68,Colby Mountain,CBXC1,-121.522503,40.145639,6004.0,6.1,2,America/Los_Angeles,2015-06-08 17:32:00,2019-10-09 18:27:00,CA,Tehama,STO, 
386,Coleman Fish Hatchery,PG320,-122.11161,40.4139,944.0,10.0,229,America/Los_Angeles,2019-05-10 18:14:00,2019-10-09 19:20:00,CA,Shasta,STO, 
419,Coleman Valley Road,PG380,-122.96517,38.41137,996.0,10.0,229,America/Los_Angeles,2019-05-23 15:14:00,2019-10-09 19:20:00,CA,Sonoma,MTR, 
394,Coloma Road,PG364,-120.9426,38.82755,695.0,10.0,229,America/Los_Angeles,2019-05-11 20:34:00,2019-10-09 19:20:00,CA,El Dorado,STO, 
29,Columbia,KO22,-120.42,38.03,2119.0,10.0,1,America/Los_Angeles,2010-11-01 00:00:00,2019-10-09 19:15:00,CA,Tuolumne,STO, 
489,Columbia Airport,PG464,-120.41019,38.02804,2082.0,10.0,229,America/Los_Angeles,2019-06-26 00:14:00,2019-10-09 19:20:00,CA,Tuolumne,STO, 
396,Concow Road,PG328,-121.4837,39.79947,2785.0,10.0,229,America/Los_Angeles,2019-05-12 19:04:00,2019-10-09 19:20:00,CA,Butte,STO, 
544,Confidence Road,PG545,-120.20741,38.02869,4044.0,10.0,229,America/Los_Angeles,2019-08-07 03:14:00,2019-10-09 19:20:00,CA,Tuolumne,STO, 
598,Conservation Camp 34,PG497,-122.71792,39.6541,4514.0,10.0,229,America/Los_Angeles,2019-08-26 03:24:00,2019-10-09 19:20:00,CA,Glenn,STO, 
49,Cordoza Ridge,TT119,-121.528453,37.168342,2331.0,6.1,2,America/Los_Angeles,2011-12-21 00:00:00,2019-10-09 19:02:00,CA,Santa Clara,MTR, 
464,Corlew Mountain Road,PG432,-119.54539,37.01178,1350.0,10.0,229,America/Los_Angeles,2019-06-11 21:14:00,2019-10-09 19:20:00,CA,Fresno,HNX, 
521,Corrine Lake,PG467,-119.49437,37.15893,2406.0,10.0,229,America/Los_Angeles,2019-07-20 21:14:00,2019-10-09 19:20:00,CA,Madera,HNX, 
375,Cow Creek Ranch,PG330,-122.05947,40.60389,1057.0,10.0,229,America/Los_Angeles,2019-05-07 18:14:00,2019-10-09 19:20:00,CA,Shasta,STO, 
611,Cow Mountain,PG606,-123.08334,39.11143,3096.0,10.0,229,America/Los_Angeles,2019-09-03 16:24:00,2019-10-09 19:20:00,CA,Lake,STO, 
556,Coyote Lake,PG509,-121.52142,37.07033,938.0,10.0,229,America/Los_Angeles,2019-08-09 15:14:00,2019-10-09 19:20:00,CA,Santa Clara,MTR, 
387,Cramer Road,PG349,-121.11579,38.98541,1301.0,10.0,229,America/Los_Angeles,2019-05-10 18:14:00,2019-10-09 19:20:00,CA,Placer,STO, 
286,Creekside Road,PG258,-119.138,36.6938,2386.0,10.0,229,America/Los_Angeles,2019-04-11 22:54:00,2019-10-09 19:20:00,CA,Fresno,HNX, 
293,Creighton Ridge Road,PG257,-123.20177,38.55051,1481.0,10.0,229,America/Los_Angeles,2019-04-02 06:14:00,2019-10-09 19:20:00,CA,Sonoma,MTR, 
97,Cull Canyon Road,PG011,-122.06166,37.76125,1360.0,10.0,229,America/Los_Angeles,2018-06-06 14:14:00,2019-10-09 19:20:00,CA,Alameda,MTR, 
173,De Sabla,PG075,-121.61347,39.86051,2790.0,10.0,229,America/Los_Angeles,2018-08-17 06:14:00,2019-10-09 19:20:00,CA,Butte,STO, 
537,Deer Creek Highway,PG506,-121.69442,39.84556,1964.0,10.0,229,America/Los_Angeles,2019-08-02 15:14:00,2019-10-09 19:20:00,CA,Butte,STO, 
342,Deer Meadow Road,PG275,-121.45775,39.62305,1969.0,10.0,229,America/Los_Angeles,2019-04-28 16:24:00,2019-10-09 19:20:00,CA,Butte,STO, 
116,Deer Trail,PG065,-122.14668,37.90686,631.0,10.0,229,America/Los_Angeles,2018-07-17 22:24:00,2019-10-09 19:20:00,CA,Contra Costa,MTR, 
146,Deer Valley Road,PG073,-121.01377,38.72456,1335.0,10.0,229,America/Los_Angeles,2018-07-28 18:14:00,2019-10-09 19:20:00,CA,El Dorado,STO, 
101,Del Valle Road,PG015,-121.69665,37.61254,1123.0,10.0,229,America/Los_Angeles,2018-06-06 14:14:00,2019-10-09 19:20:00,CA,Alameda,MTR, 
61,Denten Creek,MWKC1,-120.594494,39.779475,5149.0,6.1,2,America/Los_Angeles,2013-08-06 00:00:00,2019-10-09 18:34:00,CA,Plumas,REV, 
513,Devil Ranch,PG482,-121.52813,36.35842,2543.0,10.0,229,America/Los_Angeles,2019-07-12 21:14:00,2019-10-09 19:20:00,CA,Monterey,MTR, 
2,Dexter,DEXC1,-118.771892,37.838878,7981.0,6.1,2,America/Los_Angeles,2010-01-01 00:00:00,2019-10-09 18:53:00,CA,Mono,REV, 
287,Diamond Mountain Road,PG229,-122.58044,38.54744,1806.0,10.0,229,America/Los_Angeles,2019-04-02 06:14:00,2019-10-09 19:20:00,CA,Napa,MTR, 
539,Diamond Ranch Road,PG574,-122.6032,39.57468,1185.0,10.0,229,America/Los_Angeles,2019-08-04 18:14:00,2019-10-09 19:20:00,CA,Glenn,STO, 
403,Dog Ranch Road,PG377,-121.00131,39.0909,2138.0,10.0,229,America/Los_Angeles,2019-05-17 00:14:00,2019-10-09 19:20:00,CA,Nevada,STO, 
510,Don Pedro,PG454,-120.35535,37.72721,985.0,10.0,229,America/Los_Angeles,2019-07-19 03:34:00,2019-10-09 19:20:00,CA,Tuolumne,STO, 
181,Downieville,PG100,-120.82369,39.56878,2947.0,10.0,229,America/Los_Angeles,2018-08-27 20:14:00,2019-10-09 19:20:00,CA,Sierra,STO, 
104,Drakes View Drive,PG046,-122.86711,38.07989,1328.0,10.0,229,America/Los_Angeles,2018-06-06 14:14:00,2019-10-09 19:20:00,CA,Marin,MTR, 
370,Dream Valley Road,PG336,-122.5805,39.98776,1007.0,10.0,229,America/Los_Angeles,2019-05-05 01:24:00,2019-10-09 19:20:00,CA,Tehama,STO, 
455,Drive 152,PG327,-119.2025,36.62448,1698.0,10.0,229,America/Los_Angeles,2019-06-11 15:04:00,2019-10-09 19:20:00,CA,Tulare,HNX, 
471,Dry Creek Road,PG417,-119.0166,36.6121,2825.0,10.0,229,America/Los_Angeles,2019-06-18 00:14:00,2019-10-09 19:20:00,CA,Tulare,HNX, 
515,Dunlap Substation,PG502,-119.02974,36.70919,4174.0,10.0,229,America/Los_Angeles,2019-07-14 22:24:00,2019-10-09 19:20:00,CA,Fresno,HNX, 
263,Durham Road,PG149,-122.35119,37.3938,1296.0,10.0,229,America/Los_Angeles,2018-12-21 02:34:00,2019-10-09 19:20:00,CA,San Mateo,MTR, 
23,Dutch-Indy,DUIC1,-123.444069,41.643533,2296.0,6.1,2,America/Los_Angeles,2010-07-15 00:00:00,2019-10-09 18:56:00,CA,Siskiyou,MFR, 
604,Eagle Peak,PG563,-122.43902,39.55948,535.0,10.0,229,America/Los_Angeles,2019-09-03 16:14:00,2019-10-09 19:20:00,CA,Glenn,STO, 
272,East Carmel Road,PG203,-121.62298,36.43052,1030.0,10.0,229,America/Los_Angeles,2019-01-01 18:14:00,2019-10-09 19:20:00,CA,Monterey,MTR, 
526,East Side Road,PG480,-122.22901,38.65703,1038.0,10.0,229,America/Los_Angeles,2019-07-26 03:14:00,2019-10-09 19:20:00,CA,Napa,MTR, 
223,East Sonora,PG167,-120.3944,37.9482,1620.0,10.0,229,America/Los_Angeles,2018-10-23 18:14:00,2019-10-09 19:20:00,CA,Tuolumne,STO, 
483,Eden Road,PG455,-122.07403,37.26808,1415.0,10.0,229,America/Los_Angeles,2019-06-24 20:44:00,2019-10-09 19:20:00,CA,Santa Clara,MTR, 
270,El Caminito Road,PG206,-121.71185,36.49167,1211.0,10.0,229,America/Los_Angeles,2018-12-27 15:44:00,2019-10-09 19:20:00,CA,Monterey,MTR, 
400,El Toro Road,PG361,-121.29235,37.03905,398.0,10.0,229,America/Los_Angeles,2019-05-15 03:14:00,2019-10-09 19:20:00,CA,Santa Clara,MTR, 
192,Emerford Road,PG096,-122.72577,38.84407,3025.0,10.0,229,America/Los_Angeles,2018-09-03 23:14:00,2019-10-09 19:20:00,CA,Lake,STO, 
184,Empire Grade Road,PG047,-122.12305,37.0575,1821.0,10.0,229,America/Los_Angeles,2018-08-31 17:24:00,2019-10-09 19:20:00,CA,Santa Cruz,MTR, 
136,Empire Grade Road @ Bird Rock,PG055,-122.19624,37.14281,2191.0,10.0,229,America/Los_Angeles,2018-06-15 18:14:00,2019-10-09 19:20:00,CA,Santa Cruz,MTR, 
117,Empire Mine Road,PG069,-121.8066,37.94551,337.0,10.0,229,America/Los_Angeles,2018-06-11 20:14:00,2019-10-09 19:20:00,CA,Contra Costa,MTR, 
18,Enf03 Portable,TS903,-120.729867,38.824733,2800.0,6.1,2,America/Los_Angeles,2010-05-20 00:00:00,2019-10-02 18:37:00,CA,El Dorado,STO, 
67,Enf05 Portable,TT260,-120.46995,38.8173,4650.0,6.1,2,America/Los_Angeles,2015-07-16 18:30:00,2018-01-23 19:29:00,CA,El Dorado,STO, 
618,Erin Road,PG488,-122.42552,37.52612,1771.0,10.0,229,America/Los_Angeles,2019-09-01 18:14:00,2019-10-09 19:20:00,CA,San Mateo,MTR, 
268,Eshom Valley Drive,PG200,-118.94981,36.60951,3412.0,10.0,229,America/Los_Angeles,2018-12-22 18:14:00,2019-10-09 19:20:00,CA,Tulare,HNX, 
60,Eureka Valley,TT184,-117.788494,37.17625,2975.0,6.1,2,America/Los_Angeles,2013-03-29 00:00:00,2019-10-09 18:34:00,CA,Inyo,VEF, 
600,Fair Play Road,PG604,-120.69144,38.59413,2258.0,10.0,229,America/Los_Angeles,2019-08-26 03:24:00,2019-10-09 19:20:00,CA,El Dorado,STO, 
621,Fair View Road,PG588,-122.00302,37.65541,1495.0,10.0,229,America/Los_Angeles,2019-09-02 18:14:00,2019-10-04 21:10:00,CA,Alameda,MTR, 
180,Falcon Haven,PG103,-120.9496,38.52589,595.0,10.0,229,America/Los_Angeles,2018-08-31 17:24:00,2019-10-09 19:20:00,CA,El Dorado,STO, 
353,Feather Lake Highway,PG308,-121.16211,40.64423,5583.0,10.0,229,America/Los_Angeles,2019-05-01 06:14:00,2019-10-09 19:20:00,CA,Lassen,REV, 
241,Fern Road,PG173,-121.94232,40.64565,1950.0,10.0,229,America/Los_Angeles,2018-11-08 18:14:00,2019-10-09 19:20:00,CA,Shasta,STO, 
210,Ferretti Road,PG121,-120.1456,37.8518,3140.0,10.0,229,America/Los_Angeles,2018-10-02 13:54:00,2019-10-09 19:10:00,CA,Tuolumne,STO, 
514,Fine Gold,PG505,-119.61354,37.19263,1345.0,10.0,229,America/Los_Angeles,2019-07-14 00:14:00,2019-10-09 19:20:00,CA,Madera,HNX, 
142,Fitch Ranch Road,PG031,-120.28293,37.92265,2256.0,10.0,229,America/Los_Angeles,2018-06-16 17:44:00,2019-10-09 19:20:00,CA,Tuolumne,STO, 
619,Five Brooks,PG419,-122.74749,37.99934,486.0,10.0,229,America/Los_Angeles,2019-09-02 18:14:00,2019-10-09 19:20:00,CA,Marin,MTR, 
373,Flea Mountain,PG326,-121.47166,39.82864,4249.0,10.0,229,America/Los_Angeles,2019-05-06 15:04:00,2019-10-09 19:20:00,CA,Butte,STO, 
203,Forest Ranch,PG134,-121.65289,39.8982,2937.0,10.0,229,America/Los_Angeles,2018-09-29 22:54:00,2019-10-09 19:20:00,CA,Butte,STO, 
381,Forest Route 18N07,PG324,-122.64387,39.35491,2447.0,10.0,229,America/Los_Angeles,2019-05-08 18:14:00,2019-10-09 19:20:00,CA,Colusa,STO, 
118,Foresthill Road East,PG023,-120.76338,39.0549,3685.0,10.0,229,America/Los_Angeles,2018-06-12 14:04:00,2019-10-09 19:20:00,CA,Placer,STO, 
114,Foresthill Road West,PG032,-120.86556,38.99971,2860.0,10.0,229,America/Los_Angeles,2018-06-11 20:14:00,2019-10-09 19:20:00,CA,Placer,STO, 
568,Forks Lookout,PG504,-122.52061,40.65428,3139.0,10.0,229,America/Los_Angeles,2019-08-14 03:14:00,2019-10-09 19:20:00,CA,Shasta,STO, 
50,Fortuna Rohnerville Airport,KFOT,-124.13338,40.55296,377.0,10.0,1,America/Los_Angeles,2011-12-28 00:00:00,2019-10-09 08:10:00,CA,Humboldt,EKA, 
509,Fowler Tower,PG445,-120.58995,38.02274,2833.0,10.0,229,America/Los_Angeles,2019-07-12 00:14:00,2019-10-09 19:20:00,CA,Calaveras,STO, 
92,Franz Valley Road,PG005,-122.68386,38.56465,1060.0,10.0,229,America/Los_Angeles,2018-05-11 22:07:00,2019-10-09 19:20:00,CA,Sonoma,MTR, 
277,Frazier Road,PG219,-119.5091,37.0771,2200.0,10.0,229,America/Los_Angeles,2019-03-14 14:14:00,2019-10-09 19:20:00,CA,Fresno,HNX, 
575,French Town Road,PG555,-121.25855,39.38936,1474.0,10.0,229,America/Los_Angeles,2019-08-18 03:14:00,2019-10-09 19:20:00,CA,Yuba,STO, 
519,Funt Ranch,PG471,-121.88082,36.35366,995.0,10.0,229,America/Los_Angeles,2019-07-18 00:44:00,2019-10-09 19:20:00,CA,Monterey,MTR, 
402,Gallagher Road,PG366,-121.05197,38.80385,1436.0,10.0,229,America/Los_Angeles,2019-07-26 23:04:00,2019-10-09 19:20:00,CA,El Dorado,STO, 
404,Garden Bar Road,PG332,-121.16776,39.05415,1169.0,10.0,229,America/Los_Angeles,2019-05-17 15:34:00,2019-10-09 19:20:00,CA,Nevada,STO, 
123,Georgia Slide Road,PG033,-120.83859,38.92267,2611.0,10.0,229,America/Los_Angeles,2018-06-13 18:14:00,2019-10-09 19:20:00,CA,El Dorado,STO, 
371,Glen Canyon Road,PG262,-122.01688,37.0338,571.0,10.0,229,America/Los_Angeles,2019-05-05 06:14:00,2019-10-09 19:20:00,CA,Santa Cruz,MTR, 
452,Golden Chain Highway,PG388,-120.74802,38.3292,1212.0,10.0,229,America/Los_Angeles,2019-06-07 15:24:00,2019-10-09 19:20:00,CA,Amador,STO, 
145,Goldfield Road,PG027,-120.90851,38.73617,1380.0,10.0,229,America/Los_Angeles,2018-07-28 18:14:00,2019-10-09 19:20:00,CA,El Dorado,STO, 
500,Graham Hill Road,PG474,-122.03526,37.01214,452.0,10.0,229,America/Los_Angeles,2019-07-08 18:14:00,2019-10-09 19:20:00,CA,Santa Cruz,MTR, 
378,Grand Oak Road,PG297,-121.38771,39.47524,1585.0,10.0,229,America/Los_Angeles,2019-05-08 06:14:00,2019-10-09 19:20:00,CA,Butte,STO, 
127,Grass Valley Ne,PG026,-120.94448,39.30902,3410.0,10.0,229,America/Los_Angeles,2018-06-13 19:54:00,2019-10-09 19:10:00,CA,Nevada,STO, 
335,Gray Flats Sub,PG292,-121.06455,40.02061,2787.0,10.0,229,America/Los_Angeles,2019-04-24 18:14:00,2019-10-09 19:20:00,CA,Plumas,STO, 
330,Greenwood Road,PG248,-123.58005,39.10359,1132.0,10.0,229,America/Los_Angeles,2019-04-19 06:14:00,2019-10-09 19:20:00,CA,Mendocino,EKA, 
501,Greenwood Road West,PG485,-123.65006,39.13192,1189.0,10.0,229,America/Los_Angeles,2019-07-09 15:14:00,2019-10-09 19:20:00,CA,Mendocino,EKA, 
550,Grindlay Ranch Road,PG578,-121.88076,40.64935,2523.0,10.0,229,America/Los_Angeles,2019-08-08 00:14:00,2019-10-09 19:20:00,CA,Shasta,STO, 
461,Grist Road,PG420,-119.92223,37.4414,2392.0,10.0,229,America/Los_Angeles,2019-06-06 03:14:00,2019-10-09 19:20:00,CA,Mariposa,HNX, 
109,Grizzly Peak Blvd,PG054,-122.22115,37.86511,1475.0,10.0,229,America/Los_Angeles,2018-06-08 15:44:00,2019-10-09 19:20:00,CA,Contra Costa,MTR, 
582,Gunsight Fire Road,PG601,-122.63212,38.02503,1149.0,10.0,229,America/Los_Angeles,2019-08-20 18:34:00,2019-10-09 19:20:00,CA,Marin,MTR, 
15,Half Moon Bay Airport,KHAF,-122.4996,37.5136,65.0,10.0,1,America/Los_Angeles,2010-01-19 00:00:00,2019-10-09 19:20:00,CA,San Mateo,MTR, 
580,Hamilton Branch,PG600,-121.2135,40.31308,4508.0,10.0,229,America/Los_Angeles,2019-08-20 18:14:00,2019-10-09 19:20:00,CA,Plumas,STO, 
475,Hawkeye Road,PG433,-120.58366,38.6546,3226.0,10.0,229,America/Los_Angeles,2019-06-19 03:14:00,2019-10-09 19:20:00,CA,El Dorado,STO, 
453,Hawver Road,PG397,-120.66231,38.26139,1340.0,10.0,229,America/Los_Angeles,2019-06-01 15:14:00,2019-10-09 19:20:00,CA,Calaveras,STO, 
601,Healdsburg Hill,PG553,-122.75877,38.64986,755.0,10.0,229,America/Los_Angeles,2019-08-26 03:24:00,2019-10-09 19:20:00,CA,Sonoma,MTR, 
338,Healdsburg Hills North,PG303,-122.76001,38.72973,2480.0,10.0,229,America/Los_Angeles,2019-04-25 18:14:00,2019-10-09 19:20:00,CA,Sonoma,MTR, 
494,Heidi Lane,PG443,-124.0912,40.26213,2357.0,10.0,229,America/Los_Angeles,2019-07-03 21:14:00,2019-10-09 19:20:00,CA,Humboldt,EKA, 
368,Heller Vineyard,PG325,-121.6468,36.38912,1317.0,10.0,229,America/Los_Angeles,2019-05-08 19:44:00,2019-10-09 19:20:00,CA,Monterey,MTR, 
298,Hennessy Road South,PG255,-122.34172,38.50938,1482.0,10.0,229,America/Los_Angeles,2019-04-09 13:24:00,2019-10-09 19:20:00,CA,Napa,MTR, 
463,Heritage Lane,PG413,-120.00473,37.44911,1625.0,10.0,229,America/Los_Angeles,2019-06-07 03:14:00,2019-10-09 19:20:00,CA,Mariposa,HNX, 
89,Highland Peak Road,PG002,-121.80533,37.81296,2490.0,10.0,229,America/Los_Angeles,2018-05-11 22:07:00,2019-10-09 15:10:00,CA,Contra Costa,MTR, 
340,Highway 101 Hilltop,PG284,-123.04624,38.89992,990.0,10.0,229,America/Los_Angeles,2019-04-26 22:04:00,2019-10-09 19:20:00,CA,Mendocino,EKA, 
292,Highway 128 Mendocino,PG256,-123.47523,39.08771,222.0,10.0,229,America/Los_Angeles,2019-04-02 06:14:00,2019-10-09 19:20:00,CA,Mendocino,EKA, 
131,Highway 128 Sonoma,PG038,-122.64206,38.60312,684.0,10.0,229,America/Los_Angeles,2018-06-15 17:24:00,2019-10-09 19:20:00,CA,Napa,MTR, 
628,Highway 152,PG547,-121.36751,37.00938,522.0,10.0,229,America/Los_Angeles,2019-09-11 18:14:00,2019-10-09 19:20:00,CA,Santa Clara,MTR, 
629,Highway 162,PG540,-122.45331,39.58987,619.0,10.0,229,America/Los_Angeles,2019-09-11 21:24:00,2019-10-09 19:20:00,CA,Glenn,STO, 
631,Highway 198-1,PG528,-120.76292,36.19384,2761.0,10.0,229,America/Los_Angeles,2019-09-13 00:14:00,2019-10-09 18:40:00,CA,Monterey,MTR, 
423,Highway 20,PG379,-123.44734,39.39268,1916.0,10.0,229,America/Los_Angeles,2019-05-23 21:14:00,2019-10-09 19:20:00,CA,Mendocino,EKA, 
528,Highway 299 Towers,PG499,-121.48263,41.00319,4415.0,10.0,229,America/Los_Angeles,2019-07-26 03:14:00,2019-10-09 19:20:00,CA,Shasta,STO, 
366,Highway 36,PG344,-121.49542,40.36139,4922.0,10.0,229,America/Los_Angeles,2019-05-03 14:44:00,2019-10-09 19:20:00,CA,Tehama,STO, 
321,Highway 36,PG250,-123.52379,40.46042,2778.0,10.0,229,America/Los_Angeles,2019-04-15 20:24:00,2019-10-09 19:20:00,CA,Trinity,EKA, 
511,Highway 41,PG465,-119.64227,37.34948,2389.0,10.0,229,America/Los_Angeles,2019-10-09 12:59:34.051381,2019-10-09 12:59:34.051385,CA,,, 
570,Hildreth,PG484,-119.59661,37.09008,1941.0,10.0,229,America/Los_Angeles,2019-08-16 18:14:00,2019-10-09 19:20:00,CA,Madera,HNX, 
590,Hillcrest Drive,PG603,-122.40608,40.00538,705.0,10.0,229,America/Los_Angeles,2019-08-26 15:04:00,2019-10-09 19:20:00,CA,Tehama,STO, 
356,Hodson Road,PG334,-120.66413,37.97922,965.0,10.0,229,America/Los_Angeles,2019-05-01 18:14:00,2019-10-09 19:20:00,CA,Calaveras,STO, 
334,Hog Ranch Road,PG230,-122.19548,38.21397,536.0,10.0,229,America/Los_Angeles,2019-04-24 18:14:00,2019-10-09 19:20:00,CA,Napa,MTR, 
93,Hogback Road,PG006,-122.57871,37.91166,1033.0,10.0,229,America/Los_Angeles,2018-05-11 22:24:00,2019-08-16 01:20:00,CA,Marin,MTR, 
13,"Hollister, Ca",KCVH,-121.4103,36.8933,229.0,10.0,1,America/Los_Angeles,2009-09-23 00:00:00,2019-10-09 19:20:00,CA,San Benito,MTR, 
473,Holtzel Road,PG390,-120.12892,37.7383,3184.0,10.0,229,America/Los_Angeles,2019-06-19 00:14:00,2019-10-09 19:20:00,CA,Mariposa,HNX, 
492,Homestead Drive,PG442,-122.01813,40.72922,1873.0,10.0,229,America/Los_Angeles,2019-07-03 21:14:00,2019-10-09 19:20:00,CA,Shasta,STO, 
9,Homewood,TS850,-120.1708,39.0836,7142.0,6.1,2,America/Los_Angeles,2019-10-09 12:59:33.737400,2019-10-09 12:59:33.737404,CA,Placer,REV, 
21,Homewood,HMDC1,-120.171153,39.0835,7121.0,6.1,2,America/Los_Angeles,2010-06-23 00:00:00,2019-10-09 19:19:00,CA,Placer,REV, 
363,Honey Lane,PG316,-122.18215,40.53984,528.0,10.0,229,America/Los_Angeles,2019-05-03 14:44:00,2019-10-09 19:20:00,CA,Shasta,STO, 
283,Hopewell Road,PG239,-119.17173,36.77524,2372.0,10.0,229,America/Los_Angeles,2019-03-24 06:14:00,2019-10-09 19:20:00,CA,Fresno,HNX, 
392,Horizon Court,PG354,-120.79403,38.63118,1999.0,10.0,229,America/Los_Angeles,2019-05-11 20:34:00,2019-10-09 19:20:00,CA,El Dorado,STO, 
531,House Green Valley Road,PG510,-122.20367,38.24758,1287.0,10.0,229,America/Los_Angeles,2019-07-26 18:14:00,2019-10-09 19:20:00,CA,Solano,STO, 
435,Hout Road,PG407,-120.90731,38.43716,761.0,10.0,229,America/Los_Angeles,2019-05-27 00:14:00,2019-10-09 19:20:00,CA,Amador,STO, 
336,Howard Drive,PG265,-122.40607,40.55059,712.0,10.0,229,America/Los_Angeles,2019-04-25 18:14:00,2019-10-09 19:20:00,CA,Shasta,STO, 
337,Huffmaster Road,PG280,-122.38443,39.24022,1041.0,10.0,229,America/Los_Angeles,2019-04-25 18:14:00,2019-10-09 19:20:00,CA,Colusa,STO, 
313,Humboldt Redwood St. Park,PG274,-124.03106,40.33728,575.0,10.0,229,America/Los_Angeles,2019-04-13 18:14:00,2019-10-09 19:20:00,CA,Humboldt,EKA, 
25,Humbug Summit,HMRC1,-121.3827,40.109517,6714.0,6.1,2,America/Los_Angeles,2012-07-24 00:00:00,2019-10-09 19:21:00,CA,Plumas,STO, 
288,Ida Clayton Road,PG244,-122.66679,38.67036,2252.0,10.0,229,America/Los_Angeles,2019-04-18 21:34:00,2019-10-09 19:20:00,CA,Sonoma,MTR, 
460,Indian Peak Road,PG412,-119.85008,37.40326,2033.0,10.0,229,America/Los_Angeles,2019-06-06 03:14:00,2019-10-09 19:20:00,CA,Mariposa,HNX, 
295,Indian Valley Road,PG208,-120.65433,36.02475,1658.0,10.0,229,America/Los_Angeles,2019-04-03 20:24:00,2019-10-09 19:20:00,CA,Monterey,MTR, 
227,Jackass Ridge Road,PG155,-120.20145,37.77463,3413.0,10.0,229,America/Los_Angeles,2018-10-26 09:24:00,2019-10-09 19:00:00,CA,Tuolumne,STO, 
540,Jager Junction,PG523,-123.82709,40.5588,3512.0,10.0,229,America/Los_Angeles,2019-08-05 15:14:00,2019-10-09 19:20:00,CA,Humboldt,EKA, 
354,James George Drive,PG216,-119.12852,36.75234,2049.0,10.0,229,America/Los_Angeles,2019-05-01 18:14:00,2019-10-09 19:20:00,CA,Fresno,HNX, 
309,Jamieson Road,PG269,-121.42647,37.03553,1134.0,10.0,229,America/Los_Angeles,2019-04-12 15:44:00,2019-10-09 19:20:00,CA,Santa Clara,MTR, 
360,Jaquima Drive,PG345,-120.69934,38.10119,1738.0,10.0,229,America/Los_Angeles,2019-05-03 06:14:00,2019-10-09 19:20:00,CA,Calaveras,STO, 
365,Jellys Ferry Road,PG335,-122.14932,40.3713,440.0,10.0,229,America/Los_Angeles,2019-05-03 14:44:00,2019-10-09 19:20:00,CA,Tehama,STO, 
496,John Born Road,PG448,-121.23083,39.25697,1417.0,10.0,229,America/Los_Angeles,2019-07-06 21:14:00,2019-10-09 19:20:00,CA,Nevada,STO, 
119,John Muir Parkway,PG049,-122.24458,38.01368,103.0,10.0,229,America/Los_Angeles,2018-06-13 09:14:00,2019-10-09 19:20:00,CA,Contra Costa,MTR, 
233,Jordan Creek Road,PG184,-120.05934,37.75541,2501.0,10.0,229,America/Los_Angeles,2018-10-27 22:54:00,2019-10-09 19:20:00,CA,Mariposa,HNX, 
325,Kelly Ridge Road,PG288,-121.46703,39.52057,1081.0,10.0,229,America/Los_Angeles,2019-04-17 17:34:00,2019-10-09 19:20:00,CA,Butte,STO, 
155,Keyes Ave,PG018,-122.4595,38.57784,1722.0,10.0,229,America/Los_Angeles,2018-08-03 13:54:00,2019-10-09 19:20:00,CA,,, 
174,King Ridge Road,PG084,-123.19231,38.60106,1470.0,10.0,229,America/Los_Angeles,2018-08-19 02:04:00,2019-10-09 19:20:00,CA,Sonoma,MTR, 
573,King Ridge Road East,PG554,-123.20463,38.60186,1707.0,10.0,229,America/Los_Angeles,2019-08-17 00:14:00,2019-10-09 19:20:00,CA,Sonoma,MTR, 
525,Kneeland Road,PG469,-123.82355,40.53583,2619.0,10.0,229,America/Los_Angeles,2019-07-26 01:34:00,2019-10-09 19:20:00,CA,Humboldt,EKA, 
48,Knf98 Portable,TT109,-122.201739,41.739419,6130.0,6.1,2,America/Los_Angeles,2012-01-06 00:00:00,2019-10-09 19:20:00,CA,Siskiyou,MFR, 
414,Knoxville,PG358,-122.37319,38.83807,1998.0,10.0,229,America/Los_Angeles,2019-05-22 00:14:00,2019-10-09 19:20:00,CA,Napa,MTR, 
516,La Gloria Road,PG498,-121.89659,36.54827,124.0,10.0,229,America/Los_Angeles,2019-07-17 03:14:00,2019-10-09 19:20:00,CA,Monterey,MTR, 
499,La Rocca,PG486,-121.66035,39.85529,2311.0,10.0,229,America/Los_Angeles,2019-07-07 21:24:00,2019-10-09 19:20:00,CA,Butte,STO, 
456,Lado Road,PG414,-119.63611,37.00377,1181.0,10.0,229,America/Los_Angeles,2019-06-01 15:14:00,2019-10-09 19:20:00,CA,Fresno,HNX, 
315,Ladoga Stonyford,PG289,-122.5213,39.2978,1344.0,10.0,229,America/Los_Angeles,2019-04-14 18:14:00,2019-10-09 19:20:00,CA,Colusa,STO, 
361,Laguna Seca,PG268,-121.76199,36.57738,528.0,10.0,229,America/Los_Angeles,2019-05-03 14:44:00,2019-10-09 19:20:00,CA,Monterey,MTR, 
65,Lake County Raws1,LKRC1,-122.740511,38.80645,4724.0,6.1,2,America/Los_Angeles,2013-08-09 00:00:00,2019-10-09 17:05:00,CA,Lake,STO, 
269,Lake De Sabla,PG145,-121.6122,39.8719,2760.0,10.0,229,America/Los_Angeles,2018-12-27 15:44:00,2019-10-09 19:20:00,CA,Butte,STO, 
609,Lake Sonoma,PG520,-123.05018,38.71675,1258.0,10.0,229,America/Los_Angeles,2019-08-30 12:24:00,2019-10-09 19:00:00,CA,Sonoma,MTR, 
462,Lakeside Road,PG421,-119.97763,37.5436,3150.0,10.0,229,America/Los_Angeles,2019-06-07 03:14:00,2019-10-09 19:20:00,CA,Mariposa,HNX, 
249,Larabee Valley,PG204,-123.67946,40.44043,2466.0,10.0,229,America/Los_Angeles,2018-12-04 18:14:00,2019-10-09 19:20:00,CA,Humboldt,EKA, 
605,Las Aquilas,PG542,-121.2923,36.4456,597.0,10.0,229,America/Los_Angeles,2019-08-29 03:14:00,2019-10-09 19:20:00,CA,Monterey,MTR, 
242,Lassen Ave,PG174,-122.42361,40.43206,780.0,10.0,229,America/Los_Angeles,2018-11-08 18:14:00,2019-10-09 19:20:00,CA,Shasta,STO, 
297,Laughlin Mountain,PG232,-123.27237,39.32326,3188.0,10.0,229,America/Los_Angeles,2019-04-09 13:24:00,2019-10-09 19:20:00,CA,Mendocino,EKA, 
429,Laytonville North,PG369,-123.53389,39.77447,2061.0,10.0,229,America/Los_Angeles,2019-05-24 21:14:00,2019-10-09 19:20:00,CA,Mendocino,EKA, 
20,Lincoln Regional Karl Harder Field,KLHM,-121.3513,38.9092,121.0,10.0,1,America/Los_Angeles,2010-03-04 00:00:00,2019-10-09 19:15:00,CA,Placer,STO, 
545,Little Giant Mill Road,PG582,-121.76194,40.30659,3532.0,10.0,229,America/Los_Angeles,2019-08-07 03:14:00,2019-10-09 19:20:00,CA,Tehama,STO, 
41,Livermore Fire Department,LVFC1,-121.823289,37.654864,439.0,6.1,2,America/Los_Angeles,2011-08-15 00:00:00,2019-10-09 18:30:00,CA,Alameda,MTR, 
94,Livermore Training Facility,PG001,-121.71067,37.69853,602.0,10.0,229,America/Los_Angeles,2018-05-16 19:14:00,2019-10-04 00:00:00,CA,Alameda,MTR, 
14,Lnf07 Portable,TS877,-121.449861,40.618361,3229.0,6.1,2,America/Los_Angeles,2009-10-16 00:00:00,2019-07-13 17:53:00,CA,Shasta,STO, 
22,Lnf08 Portable,TS924,-121.449861,40.618361,3229.0,6.1,2,America/Los_Angeles,2010-07-12 00:00:00,2019-10-09 19:08:00,CA,Shasta,STO, 
24,Lnf09 Portable,POBC1,-121.481467,39.99545,5350.0,6.1,2,America/Los_Angeles,2010-09-20 00:00:00,2019-10-09 19:09:00,CA,Butte,STO, 
588,Loma Alta Fire Road,PG493,-122.61739,38.03098,1290.0,10.0,229,America/Los_Angeles,2019-08-26 03:24:00,2019-10-09 19:20:00,CA,Marin,MTR, 
134,Loma Prieta Flat,PG057,-121.92852,37.12293,1705.0,10.0,229,America/Los_Angeles,2018-06-15 17:24:00,2019-10-09 19:20:00,CA,Santa Cruz,MTR, 
91,Loma Prieta Road,PG004,-121.85796,37.09883,2964.0,10.0,229,America/Los_Angeles,2018-05-11 22:07:00,2019-10-09 19:20:00,CA,Santa Cruz,MTR, 
576,Loma Rica Road,PG561,-121.36316,39.33073,784.0,10.0,229,America/Los_Angeles,2019-08-18 03:14:00,2019-10-09 19:20:00,CA,Yuba,STO, 
389,Long Road,PG322,-121.96856,40.40544,1205.0,10.0,229,America/Los_Angeles,2019-05-11 20:34:00,2019-10-09 19:20:00,CA,Tehama,STO, 
96,Los Vaqueros,PG010,-121.733,37.77462,811.0,10.0,229,America/Los_Angeles,2018-06-06 14:14:00,2019-10-09 19:20:00,CA,Contra Costa,MTR, 
533,Louise Lane,PG475,-121.51693,39.62121,1701.0,10.0,229,America/Los_Angeles,2019-07-31 03:14:00,2019-10-09 19:20:00,CA,Butte,STO, 
266,Lower Atlas Peak Road,PG185,-122.2487,38.41958,1453.0,10.0,229,America/Los_Angeles,2018-12-22 18:14:00,2019-10-09 19:00:00,CA,Napa,MTR, 
323,Lower Mad River,PG279,-123.44889,40.38807,2586.0,10.0,229,America/Los_Angeles,2019-04-15 20:24:00,2019-10-09 19:20:00,CA,Trinity,EKA, 
543,Lower Mad River Overlook,PG580,-123.33013,40.26097,3085.0,10.0,229,America/Los_Angeles,2019-08-06 00:14:00,2019-10-09 18:30:00,CA,Trinity,EKA, 
541,Lower Skyway Road,PG470,-121.70674,39.71659,801.0,10.0,229,America/Los_Angeles,2019-08-05 21:14:00,2019-10-09 19:20:00,CA,Butte,STO, 
280,Lower Tollhouse Road,PG227,-119.391,37.0179,2151.0,10.0,229,America/Los_Angeles,2019-03-15 20:34:00,2019-10-09 19:20:00,CA,Fresno,HNX, 
157,Lucas Valley,PG020,-122.64542,38.04367,795.0,10.0,229,America/Los_Angeles,2018-08-03 13:54:00,2019-10-09 19:20:00,CA,,, 
380,Lumpkin Road,PG317,-121.31483,39.5701,2157.0,10.0,229,America/Los_Angeles,2019-05-08 08:04:00,2019-10-09 19:20:00,CA,Butte,STO, 
81,Lundy,UNDC1,-119.169361,38.038389,7032.0,6.1,2,America/Los_Angeles,2017-12-04 21:26:00,2019-10-09 19:23:00,CA,Mono,REV, 
259,Macarthur Flat,PG144,-121.2882,41.0002,3330.0,10.0,229,America/Los_Angeles,2018-12-19 18:14:00,2019-10-09 19:20:00,CA,Lassen,REV, 
577,Mace Road,PG566,-120.65437,38.75451,3251.0,10.0,229,America/Los_Angeles,2019-08-18 03:14:00,2019-10-09 19:20:00,CA,El Dorado,STO, 
507,Manton Ridge,PG473,-121.77699,40.45194,3334.0,10.0,229,America/Los_Angeles,2019-07-18 00:44:00,2019-10-09 19:20:00,CA,Shasta,STO, 
422,Manzanita Road,PG368,-122.28275,39.0211,724.0,10.0,229,America/Los_Angeles,2019-05-23 21:14:00,2019-10-09 19:20:00,CA,Colusa,STO, 
102,Marciel Road,PG017,-121.81689,37.77684,827.0,10.0,229,America/Los_Angeles,2018-06-06 14:14:00,2019-10-09 19:20:00,CA,Contra Costa,MTR, 
479,Mariposa,PG457,-120.00978,37.50539,2406.0,10.0,229,America/Los_Angeles,2019-06-22 03:14:00,2019-10-09 19:20:00,CA,Mariposa,HNX, 
112,Marsh Creek Road,PG071,-121.8592,37.89634,624.0,10.0,229,America/Los_Angeles,2018-06-09 18:14:00,2019-10-09 19:20:00,CA,Contra Costa,MTR, 
614,Marshall Petaluma Road,PG501,-122.87622,38.16361,375.0,10.0,229,America/Los_Angeles,2019-09-01 06:14:00,2019-10-09 19:20:00,CA,Marin,MTR, 
267,Martin Road,PG192,-122.14156,37.04765,1527.0,10.0,229,America/Los_Angeles,2018-12-22 18:14:00,2019-09-30 18:50:00,CA,Santa Cruz,MTR, 
256,Martinez,PG188,-122.15826,37.97116,659.0,10.0,229,America/Los_Angeles,2018-12-10 21:24:00,2019-10-09 19:20:00,CA,Contra Costa,MTR, 
397,Maryland Road,PG351,-121.02622,39.22337,2631.0,10.0,229,America/Los_Angeles,2019-05-17 22:04:00,2019-10-09 19:20:00,CA,Nevada,STO, 
612,Mathison Peak,PG492,-123.69243,39.27195,1022.0,10.0,229,America/Los_Angeles,2019-08-31 00:14:00,2019-10-09 19:20:00,CA,Mendocino,EKA, 
441,Mcarthur Road,PG384,-121.57371,41.1172,3331.0,10.0,229,America/Los_Angeles,2019-05-29 00:14:00,2019-10-09 19:20:00,CA,Shasta,STO, 
343,Mcauliffe Road,PG291,-122.61035,40.3841,893.0,10.0,229,America/Los_Angeles,2019-04-30 22:44:00,2019-10-09 19:20:00,CA,Shasta,STO, 
57,Mcmwtc Bridgeport,KBAN,-119.5188,38.3557,6748.0,10.0,1,America/Los_Angeles,2012-08-09 00:00:00,2019-10-09 18:52:00,CA,Mono,REV, 
72,Mdf07 Portable,TT340,-121.392817,41.60515,4480.0,6.1,2,America/Los_Angeles,2015-09-30 12:18:00,2018-12-28 22:15:00,CA,Modoc,MFR, 
66,Mdf08 Portable,TT249,-120.7895,41.9534,5364.0,6.1,2,America/Los_Angeles,2014-01-15 00:00:00,2019-10-09 18:35:00,CA,Modoc,MFR, 
83,Mdf09 Portable,TT446,-121.229833,41.7675,4800.0,6.1,2,America/Los_Angeles,2017-10-13 16:41:00,2019-10-09 18:37:00,CA,Modoc,MFR, 
82,Mdf10 Portable,TT445,-120.56155,41.865567,5260.0,6.1,2,America/Los_Angeles,2017-10-16 12:41:00,2019-10-09 18:37:00,CA,Modoc,MFR, 
121,Meadow Brook,PG022,-120.8333,38.859,2281.0,10.0,229,America/Los_Angeles,2018-06-13 18:14:00,2019-10-09 19:20:00,CA,El Dorado,STO, 
229,Melones,PG157,-120.4548,37.9975,1590.0,10.0,229,America/Los_Angeles,2018-10-25 20:34:00,2019-10-09 19:20:00,CA,Tuolumne,STO, 
493,Melton Road,PG451,-121.93191,40.77621,2668.0,10.0,229,America/Los_Angeles,2019-07-03 21:14:00,2019-10-09 19:20:00,CA,Shasta,STO, 
572,Mendenhall Del Valle,PG531,-121.6882,37.5935,1130.0,10.0,229,America/Los_Angeles,2019-08-17 00:14:00,2019-10-09 19:20:00,CA,Alameda,MTR, 
595,Mendocino Pass,PG596,-123.0883,39.83261,2161.0,10.0,229,America/Los_Angeles,2019-08-26 03:24:00,2019-10-09 19:20:00,CA,Mendocino,EKA, 
318,Middle Creek Road,PG302,-122.44205,40.59521,1000.0,10.0,229,America/Los_Angeles,2019-04-15 17:54:00,2019-10-09 19:20:00,CA,Shasta,STO, 
282,Middle Tollhouse,PG224,-119.38145,37.04326,3830.0,10.0,229,America/Los_Angeles,2019-03-16 18:14:00,2019-10-09 19:20:00,CA,Fresno,HNX, 
163,Middletown Nw,PG079,-122.64091,38.75796,1164.0,10.0,229,America/Los_Angeles,2018-08-16 00:34:00,2019-10-09 19:20:00,CA,Lake,STO, 
569,Mill Creek Vineyard,PG549,-122.99545,38.61309,1543.0,10.0,229,America/Los_Angeles,2019-08-20 17:54:00,2019-10-09 19:20:00,CA,Sonoma,MTR, 
302,Miller Ranch,TT580,-119.001111,38.148333,837.0,6.1,2,America/Los_Angeles,2019-10-09 12:59:33.954997,2019-10-09 12:59:33.954999,CA,Mono,REV, 
443,Millerton Road,PG405,-119.58662,36.96939,601.0,10.0,229,America/Los_Angeles,2019-05-29 15:14:00,2019-10-09 19:20:00,CA,Fresno,HNX, 
442,Mills Ave,PG393,-120.65243,38.196,1301.0,10.0,229,America/Los_Angeles,2019-10-02 22:04:00,2019-10-09 19:20:00,CA,Calaveras,STO, 
458,Millwood Drive,PG403,-119.12609,36.56788,1313.0,10.0,229,America/Los_Angeles,2019-06-05 21:14:00,2019-10-09 19:20:00,CA,Tulare,HNX, 
161,Mines Road,PG101,-121.64324,37.59825,1619.0,10.0,229,America/Los_Angeles,2018-08-16 00:34:00,2019-10-09 19:20:00,CA,Alameda,MTR, 
151,Mines Road South,PG102,-121.5617,37.53586,2240.0,10.0,229,America/Los_Angeles,2018-07-28 18:14:00,2019-10-09 19:20:00,CA,Alameda,MTR, 
385,Mission Olive Road,PG312,-121.44999,39.44661,816.0,10.0,229,America/Los_Angeles,2019-05-10 06:14:00,2019-10-09 19:20:00,CA,Butte,STO, 
560,Mohrhardt Ridge Tower,PG560,-123.15934,38.57758,2230.0,10.0,229,America/Los_Angeles,2019-09-03 16:04:00,2019-09-12 08:30:00,CA,Sonoma,MTR, 
562,Mono Way,PG511,-120.0129,38.18482,5732.0,10.0,229,America/Los_Angeles,2019-08-12 00:14:00,2019-10-09 19:20:00,CA,Tuolumne,STO, 
449,Monroe Canyon Road,PG396,-121.23926,36.24301,742.0,10.0,229,America/Los_Angeles,2019-05-31 18:14:00,2019-10-09 19:20:00,CA,Monterey,MTR, 
139,Montevina Road,PG050,-122.0233,37.2135,2300.0,10.0,229,America/Los_Angeles,2018-06-16 06:14:00,2019-10-09 19:20:00,CA,Santa Clara,MTR, 
301,Monument Road,PG287,-124.131,40.46859,1240.0,10.0,229,America/Los_Angeles,2019-04-09 13:24:00,2019-10-09 19:20:00,CA,Humboldt,EKA, 
589,Morelli Vista Alt,PG562,-122.6061,38.31945,1095.0,10.0,229,America/Los_Angeles,2019-08-26 03:24:00,2019-10-09 19:20:00,CA,Sonoma,MTR, 
275,Morgan Territory,PG066,-121.77914,37.81831,2500.0,10.0,229,America/Los_Angeles,2019-02-02 18:14:00,2019-10-09 19:20:00,CA,Contra Costa,MTR, 
559,Morissey Road Towers,PG575,-120.0519,37.5325,3294.0,10.0,229,America/Los_Angeles,2019-08-12 20:44:00,2019-10-09 19:20:00,CA,Mariposa,HNX, 
409,Morning Dove Lane,PG381,-121.32605,39.30005,1658.0,10.0,229,America/Los_Angeles,2019-05-20 18:04:00,2019-10-09 19:20:00,CA,Yuba,STO, 
140,Morning Side,PG058,-120.31285,38.01747,2741.0,10.0,229,America/Los_Angeles,2018-06-16 06:14:00,2019-10-09 19:20:00,CA,Tuolumne,STO, 
255,Morning Star Lane,PG189,-119.92202,37.49633,2797.0,10.0,229,America/Los_Angeles,2018-12-07 17:54:00,2019-10-09 19:20:00,CA,Mariposa,HNX, 
424,Moss Landing Road,PG385,-121.67795,36.92179,105.0,10.0,229,America/Los_Angeles,2019-05-23 21:14:00,2019-10-09 19:20:00,CA,Santa Cruz,MTR, 
523,Mountain Ranch Road,PG517,-120.55454,38.21639,2283.0,10.0,229,America/Los_Angeles,2019-07-24 03:14:00,2019-10-09 19:20:00,CA,Calaveras,STO, 
616,Mountain View Road,PG602,-123.67764,38.95274,299.0,10.0,229,America/Los_Angeles,2019-09-03 16:14:00,2019-10-09 19:20:00,CA,Mendocino,EKA, 
417,Mt Madonna Road,PG399,-121.71973,37.01586,1756.0,10.0,229,America/Los_Angeles,2019-05-22 14:54:00,2019-10-09 19:20:00,CA,Santa Clara,MTR, 
211,Mt St Helena East,PG126,-122.6274,38.66856,4220.0,10.0,229,America/Los_Angeles,2018-10-02 13:54:00,2019-10-09 19:10:00,CA,Lake,MTR, 
209,Mt St Helena West,PG132,-122.63299,38.66922,4340.0,10.0,229,America/Los_Angeles,2018-10-01 20:14:00,2019-10-09 19:10:00,CA,Sonoma,MTR, 
130,Mt Veeder South,PG021,-122.38833,38.33743,694.0,10.0,229,America/Los_Angeles,2018-06-15 17:24:00,2019-10-09 19:20:00,CA,Napa,MTR, 
571,Mt. Hamilton Road,PG535,-121.70049,37.32365,1404.0,10.0,229,America/Los_Angeles,2019-08-16 18:14:00,2019-09-21 20:30:00,CA,Santa Clara,MTR, 
307,Mt. Hood,PG162,-122.53875,38.48744,1939.0,10.0,229,America/Los_Angeles,2019-04-12 15:44:00,2019-10-09 19:20:00,CA,Napa,MTR, 
300,Mt. Pierce Lookout,PG283,-124.12516,40.42104,2900.0,10.0,229,America/Los_Angeles,2019-04-09 13:24:00,2019-10-09 18:30:00,CA,Humboldt,EKA, 
304,Mt. Zion Lookout,PG263,-120.65207,38.3902,2960.0,10.0,229,America/Los_Angeles,2019-04-10 18:14:00,2019-10-09 19:20:00,CA,Amador,STO, 
85,Mtn Home,MNMC1,-118.66545,36.224017,7030.0,6.1,2,America/Los_Angeles,2018-06-28 21:26:00,2019-10-09 19:20:00,CA,Tulare,HNX, 
172,Mulberry Lane,PG106,-120.90207,38.7137,1185.0,10.0,229,America/Los_Angeles,2018-08-16 00:34:00,2019-10-09 19:10:00,CA,El Dorado,STO, 
599,Muniz Ranch Road,PG556,-123.1402,38.50544,1766.0,10.0,229,America/Los_Angeles,2019-08-26 03:24:00,2019-10-09 19:20:00,CA,Sonoma,MTR, 
306,Murphy Grade Road,PG266,-120.53339,38.09328,1641.0,10.0,229,America/Los_Angeles,2019-04-11 18:14:00,2019-10-09 19:20:00,CA,Calaveras,STO, 
234,Murray Field,KEKA,-124.11299,40.80339,7.0,10.0,1,America/Los_Angeles,2019-10-09 12:59:33.949331,2019-10-09 12:59:33.949334,CA,Humboldt,EKA, 
159,Mustang Court,PG051,-122.37936,38.70112,630.0,10.0,229,America/Los_Angeles,2018-08-03 20:24:00,2019-10-09 19:20:00,CA,Napa,MTR, 
339,Narcissus Road,PG306,-120.66324,38.37989,2126.0,10.0,229,America/Los_Angeles,2019-04-25 18:14:00,2019-10-09 19:20:00,CA,Amador,STO, 
594,Nelligan Road,PG564,-122.52252,38.38857,371.0,10.0,229,America/Los_Angeles,2019-08-26 03:24:00,2019-10-09 19:20:00,CA,Sonoma,MTR, 
122,Nevada City,PG030,-121.02637,39.27808,3050.0,10.0,229,America/Los_Angeles,2018-06-13 18:14:00,2019-10-09 19:20:00,CA,Nevada,STO, 
52,Nevada County Air Park,KGOO,-121.003083,39.224028,3154.0,10.0,1,America/Los_Angeles,2012-01-20 00:00:00,2019-10-09 19:15:00,CA,Nevada,STO, 
427,New Idria Road,PG270,-120.8734,36.51527,1847.0,10.0,229,America/Los_Angeles,2019-05-24 21:14:00,2019-10-09 19:20:00,CA,San Benito,MTR, 
215,Nicasio Hills,PG133,-122.68973,38.09277,937.0,10.0,229,America/Los_Angeles,2018-10-11 01:14:00,2019-10-09 19:20:00,CA,Marin,MTR, 
195,Noble Ranch,PG110,-122.56372,38.84402,1832.0,10.0,229,America/Los_Angeles,2018-09-14 16:44:00,2019-10-09 19:10:00,CA,Lake,STO, 
552,North Lake Berryessa,PG577,-122.26664,38.67932,501.0,10.0,229,America/Los_Angeles,2019-08-09 00:14:00,2019-10-09 19:20:00,CA,Napa,MTR, 
554,North Powerhouse Road,PG586,-119.50245,37.1088,2220.0,10.0,229,America/Los_Angeles,2019-08-13 15:34:00,2019-10-09 19:20:00,CA,Fresno,HNX, 
5,Novato / Gnoss Field,KDVO,-122.55463,38.14178,3.0,10.0,1,America/Los_Angeles,2008-02-15 00:00:00,2019-10-09 19:15:00,CA,Marin,MTR, 
289,Novato Boulevard,PG247,-122.69925,38.14068,419.0,10.0,229,America/Los_Angeles,2019-04-04 00:24:00,2019-10-09 19:20:00,CA,Marin,MTR, 
76,Novato Fire - Robinhood,NVHC1,-122.549806,38.1125,482.0,6.1,2,America/Los_Angeles,2016-01-21 20:14:00,2019-10-09 18:31:00,CA,Marin,MTR, 
40,Nraws 13,NCRC1,-119.575,38.69625,7451.0,6.1,2,America/Los_Angeles,2011-04-27 00:00:00,2019-10-09 19:22:00,CA,Mono,REV, 
561,Oak Grove Road,PG571,-119.87048,37.36438,1736.0,10.0,229,America/Los_Angeles,2019-08-12 00:14:00,2019-10-09 19:20:00,CA,Mariposa,HNX, 
199,Oak Knoll Road,PG109,-123.23402,39.11784,2435.0,10.0,229,America/Los_Angeles,2018-09-21 17:14:00,2019-10-09 19:10:00,CA,Mendocino,EKA, 
80,Oak Ridge,OAAC1,-123.308389,38.738056,1890.0,6.1,2,America/Los_Angeles,2016-09-01 23:36:00,2019-10-09 18:33:00,CA,Sonoma,MTR, 
194,Oak Street,PG114,-122.70004,38.82078,3180.0,10.0,229,America/Los_Angeles,2018-09-13 21:34:00,2019-10-09 19:10:00,CA,Lake,STO, 
281,Oak Tree Lane,PG217,-119.397,37.0087,1922.0,10.0,229,America/Los_Angeles,2019-03-16 18:14:00,2019-10-09 19:20:00,CA,Fresno,HNX, 
412,Oak Tree Road,PG363,-121.0839,39.36263,2271.0,10.0,229,America/Los_Angeles,2019-05-19 00:14:00,2019-10-09 19:20:00,CA,Nevada,STO, 
147,Oakridge Road,PG016,-121.83395,37.50784,900.0,10.0,229,America/Los_Angeles,2018-07-28 18:14:00,2019-10-09 19:20:00,CA,Alameda,MTR, 
411,Oakstream Road,PG373,-120.77105,38.54447,1748.0,10.0,229,America/Los_Angeles,2019-05-18 21:24:00,2019-10-09 19:20:00,CA,Amador,STO, 
615,Oasis,PG595,-122.95913,38.99186,1965.0,10.0,229,America/Los_Angeles,2019-09-02 15:54:00,2019-10-09 19:20:00,CA,Lake,STO, 
178,Old Giannini Ranch Road,PG092,-120.61336,38.43429,2450.0,10.0,229,America/Los_Angeles,2018-08-22 20:34:00,2019-10-09 19:20:00,CA,Amador,STO, 
245,Old Highway 53,PG128,-122.62213,38.97756,1415.0,10.0,229,America/Los_Angeles,2018-11-16 15:24:00,2019-10-09 19:10:00,CA,Lake,STO, 
502,Old Highway Road,PG441,-120.07211,37.40856,1315.0,10.0,229,America/Los_Angeles,2019-07-09 18:14:00,2019-10-09 19:20:00,CA,Mariposa,HNX, 
480,Old Railroad,PG462,-119.35005,37.0814,4969.0,10.0,229,America/Los_Angeles,2019-06-22 03:14:00,2019-10-09 19:20:00,CA,Fresno,HNX, 
108,Old Rancheria Road,PG035,-122.67475,38.07679,276.0,10.0,229,America/Los_Angeles,2018-06-08 15:44:00,2019-10-09 19:20:00,CA,Marin,MTR, 
439,Old Stockton Road,PG401,-120.96183,38.34382,276.0,10.0,229,America/Los_Angeles,2019-05-28 21:14:00,2019-10-09 19:20:00,CA,Amador,STO, 
408,Olive Orchard Road,PG375,-120.88122,38.14355,530.0,10.0,229,America/Los_Angeles,2019-05-18 15:14:00,2019-10-09 19:20:00,CA,Calaveras,STO, 
468,Oneals,PG425,-119.73317,37.13972,1336.0,10.0,229,America/Los_Angeles,2019-06-14 03:14:00,2019-10-09 19:20:00,CA,Madera,HNX, 
415,Ormsey Cutoff Trail,PG370,-121.81832,37.06525,2513.0,10.0,229,America/Los_Angeles,2019-05-22 00:14:00,2019-10-09 19:20:00,CA,Santa Cruz,MTR, 
206,Orr Springs Road,PG122,-123.31275,39.21395,2455.0,10.0,229,America/Los_Angeles,2018-10-01 20:14:00,2019-10-09 19:10:00,CA,Mendocino,EKA, 
240,Osborn Road,PG172,-122.45215,39.93129,650.0,10.0,229,America/Los_Angeles,2018-11-08 18:14:00,2019-10-09 19:20:00,CA,Tehama,STO, 
58,Ovd #1,OVDC1,-119.051,37.815917,7664.0,6.1,2,America/Los_Angeles,2012-11-02 00:00:00,2019-10-09 19:23:00,CA,Mono,REV, 
308,Pacheco Pass 1,PG259,-121.2167,37.06909,1406.0,10.0,229,America/Los_Angeles,2019-04-12 15:44:00,2019-10-09 19:20:00,CA,Santa Clara,MTR, 
90,Page Mill Road,PG003,-122.18035,37.32591,2230.0,10.0,229,America/Los_Angeles,2018-05-11 22:07:00,2019-10-09 19:20:00,CA,Santa Clara,MTR, 
406,Paine Road,PG378,-120.87692,38.38035,820.0,10.0,229,America/Los_Angeles,2019-05-17 21:14:00,2019-10-09 19:20:00,CA,Amador,STO, 
538,Palo Duro,PG516,-122.2638,40.62199,664.0,10.0,229,America/Los_Angeles,2019-08-04 00:14:00,2019-10-09 19:20:00,CA,Shasta,STO, 
608,Palo Escrito Peak,PG411,-121.49261,36.40684,4406.0,10.0,229,America/Los_Angeles,2019-08-30 09:04:00,2019-10-09 19:20:00,CA,Monterey,MTR, 
431,Paloma Road,PG371,-120.76014,38.25828,1399.0,10.0,229,America/Los_Angeles,2019-05-25 03:14:00,2019-10-09 19:20:00,CA,Calaveras,STO, 
99,Palomares Road,PG013,-122.02043,37.68931,373.0,10.0,229,America/Los_Angeles,2018-06-06 14:14:00,2019-10-09 19:20:00,CA,Alameda,MTR, 
447,Panoche Road (Call Mountain),PG391,-121.06814,36.61609,3882.0,10.0,229,America/Los_Angeles,2019-05-31 00:14:00,2019-10-09 19:20:00,CA,San Benito,MTR, 
26,Panther Springs,PSWC1,-121.775733,40.242119,3344.0,6.1,2,America/Los_Angeles,2012-08-15 00:00:00,2019-10-09 19:21:00,CA,Tehama,STO, 
407,Paradise Highway 191,PG347,-121.61288,39.7354,1459.0,10.0,229,America/Los_Angeles,2019-05-18 15:14:00,2019-10-09 19:20:00,CA,Butte,STO, 
405,Paradise Humboldt Road,PG339,-121.73659,39.75626,955.0,10.0,229,America/Los_Angeles,2019-05-17 21:14:00,2019-10-09 19:20:00,CA,Butte,STO, 
364,Parrot Ranch,PG319,-121.60437,36.38715,1724.0,10.0,229,America/Los_Angeles,2019-10-09 12:59:33.959694,2019-10-09 12:59:33.959695,CA,Monterey,MTR, 
491,Patterson Pass,PG007,-121.62988,37.68682,1604.0,10.0,229,America/Los_Angeles,2019-07-03 21:14:00,2019-10-09 19:20:00,CA,Alameda,MTR, 
418,Pax Place Court,PG376,-121.85181,37.03995,1526.0,10.0,229,America/Los_Angeles,2019-05-22 21:14:00,2019-10-09 19:20:00,CA,Santa Cruz,MTR, 
607,Paynes Creek Wagon Road,PG592,-122.14887,40.24792,615.0,10.0,229,America/Los_Angeles,2019-08-30 00:14:00,2019-10-09 19:20:00,CA,Tehama,STO, 
232,Penon Blanco,PG186,-120.2623,37.73213,2775.0,10.0,229,America/Los_Angeles,2018-10-25 20:34:00,2019-10-09 19:20:00,CA,Mariposa,HNX, 
401,Perimeter Road,PG367,-121.19404,39.06549,1207.0,10.0,229,America/Los_Angeles,2019-05-15 03:14:00,2019-10-09 19:20:00,CA,Nevada,STO, 
44,Petaluma Municipal Airport,KO69,-122.6053,38.2578,89.0,10.0,1,America/Los_Angeles,2011-10-20 00:00:00,2019-10-09 19:15:00,CA,Sonoma,MTR, 
420,Pfeiffer Ridge Road,PG362,-121.7874,36.2458,905.0,10.0,229,America/Los_Angeles,2019-05-23 15:14:00,2019-10-09 19:20:00,CA,Monterey,MTR, 
597,Pickett Road,PG607,-122.55471,38.58775,386.0,10.0,229,America/Los_Angeles,2019-08-26 15:04:00,2019-10-09 19:20:00,CA,Napa,MTR, 
220,Pieta,PG153,-123.05385,38.93758,1000.0,10.0,229,America/Los_Angeles,2018-10-19 23:14:00,2019-10-09 19:20:00,CA,Mendocino,EKA, 
522,Pine Flat Road,PG305,-122.76279,38.76391,3308.0,10.0,229,America/Los_Angeles,2019-07-24 00:14:00,2019-10-09 19:20:00,CA,Sonoma,MTR, 
517,Pine Grove Ave,PG491,-122.38836,40.66408,737.0,10.0,229,America/Los_Angeles,2019-07-18 03:14:00,2019-10-09 19:20:00,CA,Shasta,STO, 
175,Pine Mountain,PG040,-122.9121,38.85708,3400.0,10.0,229,America/Los_Angeles,2018-08-20 19:34:00,2019-10-09 19:20:00,CA,Mendocino,EKA, 
27,Pinecrest 2,PNWC1,-120.010586,38.186161,5706.0,6.1,2,America/Los_Angeles,2011-06-20 00:00:00,2019-10-09 18:57:00,CA,Tuolumne,STO, 
426,Pinnacles National Park,PG386,-121.13908,36.50118,1125.0,10.0,229,America/Los_Angeles,2019-05-24 06:14:00,2019-10-09 19:20:00,CA,San Benito,MTR, 
271,Placer Road,PG139,-122.46228,40.54628,855.0,10.0,229,America/Los_Angeles,2018-12-28 20:24:00,2019-10-09 19:20:00,CA,Shasta,STO, 
19,Placerville Airport,KPVF,-120.7533,38.7242,2585.0,10.0,1,America/Los_Angeles,2010-03-04 00:00:00,2019-09-24 15:35:00,CA,El Dorado,STO, 
148,Placerville East,PG068,-120.767,38.74368,2370.0,10.0,229,America/Los_Angeles,2018-07-28 18:14:00,2019-10-09 19:20:00,CA,El Dorado,STO, 
162,Pleasant Valley Road,PG077,-120.68679,38.69231,2716.0,10.0,229,America/Los_Angeles,2018-08-16 00:34:00,2019-10-09 19:20:00,CA,El Dorado,STO, 
374,Plum Creek Road,PG321,-121.89949,40.3157,2023.0,10.0,229,America/Los_Angeles,2019-05-07 18:14:00,2019-10-09 19:20:00,CA,Tehama,STO, 
200,Plymouth Farms,PG117,-120.8261,38.49691,1245.0,10.0,229,America/Los_Angeles,2018-09-21 18:14:00,2019-10-09 19:10:00,CA,Amador,STO, 
34,Point Arena,KPAA,-122.73,38.95,59.0,10.0,1,America/Los_Angeles,2019-10-09 12:59:33.748327,2019-10-09 12:59:33.748328,CA,Lake,STO, 
30,Point Reyes Vor,KPYE,-121.13,38.08,1467.0,10.0,1,America/Los_Angeles,2019-10-09 12:59:33.748166,2019-10-09 12:59:33.748168,CA,San Joaquin,STO, 
188,Pointe Court,PG094,-120.5329,38.4608,3540.0,10.0,229,America/Los_Angeles,2018-08-31 13:24:00,2019-10-09 19:20:00,CA,Amador,STO, 
135,Pokie Drive,PG067,-120.25569,38.0077,3451.0,10.0,229,America/Los_Angeles,2018-06-15 17:24:00,2019-10-09 19:20:00,CA,Tuolumne,STO, 
260,Pollock Pines East,PG151,-120.55673,38.75362,4230.0,10.0,229,America/Los_Angeles,2018-12-20 18:14:00,2019-10-09 19:20:00,CA,El Dorado,STO, 
171,Pollock Pines South,PG105,-120.61233,38.75297,3756.0,10.0,229,America/Los_Angeles,2018-08-16 00:34:00,2019-10-09 19:20:00,CA,El Dorado,STO, 
160,Ponderosa,PG076,-120.94094,38.69346,1400.0,10.0,229,America/Los_Angeles,2018-08-08 22:34:00,2019-10-09 19:20:00,CA,El Dorado,STO, 
251,Ponderosa Sky,PG193,-121.79261,40.35717,3150.0,10.0,229,America/Los_Angeles,2018-12-05 18:14:00,2019-10-09 19:20:00,CA,Tehama,STO, 
228,Ponderosa Way,PG156,-120.4142,38.1235,2750.0,10.0,229,America/Los_Angeles,2018-10-25 20:34:00,2019-10-09 19:20:00,CA,Calaveras,STO, 
384,Poonkinney Road,PG353,-123.25417,39.75867,1414.0,10.0,229,America/Los_Angeles,2019-05-09 20:04:00,2019-10-09 19:20:00,CA,Mendocino,EKA, 
328,Pope Canyon Road,PG231,-122.37822,38.64218,615.0,10.0,229,America/Los_Angeles,2019-04-18 18:14:00,2019-10-09 19:20:00,CA,Napa,MTR, 
138,Potter Valley,PG036,-123.07218,39.20187,1705.0,10.0,229,America/Los_Angeles,2018-06-15 20:34:00,2019-10-09 19:20:00,CA,Mendocino,EKA, 
377,Power House Road,PG342,-121.8646,40.40505,2012.0,10.0,229,America/Los_Angeles,2019-05-07 18:14:00,2019-10-09 19:20:00,CA,Tehama,STO, 
564,Powerhouse 225,PG573,-119.49851,37.20604,2597.0,10.0,229,America/Los_Angeles,2019-08-12 03:14:00,2019-10-09 19:20:00,CA,Madera,HNX, 
311,Pratt Mountain,PG282,-123.69269,40.12037,3884.0,10.0,229,America/Los_Angeles,2019-04-12 15:44:00,2019-10-09 19:20:00,CA,Humboldt,EKA, 
273,Priest Valley Road,PG207,-120.67938,36.1834,2375.0,10.0,229,America/Los_Angeles,2019-01-01 18:14:00,2019-10-09 19:20:00,CA,Monterey,MTR, 
518,Pulgas Ridge,PG515,-122.37217,37.50711,1066.0,10.0,229,America/Los_Angeles,2019-07-18 03:14:00,2019-10-09 19:20:00,CA,San Mateo,MTR, 
579,Rail Canyon Road,PG598,-122.45676,39.35144,2250.0,10.0,229,America/Los_Angeles,2019-08-20 19:04:00,2019-10-09 18:40:00,CA,Colusa,STO, 
367,Rana Creek Tower,PG318,-121.60925,36.53005,3452.0,10.0,229,America/Los_Angeles,2019-05-05 01:24:00,2019-10-09 19:20:00,CA,Monterey,MTR, 
35,Rancho Murieta,KRIU,-120.9,38.48,148.0,10.0,1,America/Los_Angeles,2019-10-09 12:59:33.748360,2019-10-09 12:59:33.748361,CA,Amador,STO, 
284,Recter Lane,PG233,-119.23897,36.76457,2012.0,10.0,229,America/Los_Angeles,2019-03-27 20:44:00,2019-10-09 19:20:00,CA,Fresno,HNX, 
317,Red Bluff Road,PG296,-122.48862,40.593,966.0,10.0,229,America/Los_Angeles,2019-04-17 21:04:00,2019-10-09 19:20:00,CA,Shasta,STO, 
487,Red Eye Road,PG463,-121.5078,39.68859,1296.0,10.0,229,America/Los_Angeles,2019-06-25 15:14:00,2019-10-09 19:20:00,CA,Butte,STO, 
213,Red Hill Lookout,PG129,-121.18715,40.03713,6333.0,10.0,229,America/Los_Angeles,2018-10-11 01:14:00,2019-10-09 19:10:00,CA,Plumas,STO, 
247,Red Hill Road,PG176,-122.68734,38.1607,650.0,10.0,229,America/Los_Angeles,2018-11-16 15:24:00,2019-10-09 19:20:00,CA,Marin,MTR, 
437,Red Mule Road,PG331,-120.70109,38.49253,2217.0,10.0,229,America/Los_Angeles,2019-05-28 21:14:00,2019-10-09 19:20:00,CA,Amador,STO, 
168,Redwood Valley,PG089,-123.22235,39.30558,825.0,10.0,229,America/Los_Angeles,2018-08-16 00:34:00,2019-10-09 19:20:00,CA,Mendocino,EKA, 
154,Reedley Municipal Airport,KO32,-119.45103,36.671,386.0,10.0,1,America/Los_Angeles,2018-08-02 18:05:00,2019-10-09 19:15:00,CA,Fresno,HNX, 
433,Reeve Ranch,PG402,-121.47317,36.74586,2144.0,10.0,229,America/Los_Angeles,2019-05-25 03:14:00,2019-10-09 19:20:00,CA,Monterey,MTR, 
75,Region 5 Class Iii,TT366,-119.240389,37.558417,8008.0,6.1,2,America/Los_Angeles,2018-05-02 16:26:00,2018-11-27 14:20:00,CA,Madera,HNX, 
149,Rescue,PG072,-120.97073,38.70974,1330.0,10.0,229,America/Los_Angeles,2018-07-28 18:14:00,2019-10-09 19:20:00,CA,El Dorado,STO, 
205,Reynolds Highway,PG120,-123.32498,39.44558,1325.0,10.0,229,America/Los_Angeles,2018-10-01 20:14:00,2019-10-09 19:10:00,CA,Mendocino,EKA, 
59,Rice Canyon,RNYC1,-120.328836,39.525022,6943.0,6.1,2,America/Los_Angeles,2012-11-16 00:00:00,2019-10-09 18:30:00,CA,Sierra,REV, 
347,Richardson Springs Road,PG286,-121.784,39.84106,622.0,10.0,229,America/Los_Angeles,2019-04-30 07:04:00,2019-10-09 19:20:00,CA,Butte,STO, 
165,Ridge,PG082,-122.83212,38.73517,2084.0,10.0,229,America/Los_Angeles,2018-08-16 06:44:00,2019-10-09 19:20:00,CA,Sonoma,MTR, 
169,Ridge Ranch,PG090,-122.89834,38.76019,1352.0,10.0,229,America/Los_Angeles,2018-08-16 00:34:00,2019-10-09 19:20:00,CA,Sonoma,MTR, 
324,Ridge Road-Tehama,PG276,-122.43749,40.11031,609.0,10.0,229,America/Los_Angeles,2019-04-16 18:14:00,2019-10-09 19:20:00,CA,Tehama,STO, 
532,Rim Road,PG468,-121.48608,39.76488,2943.0,10.0,229,America/Los_Angeles,2019-07-31 00:14:00,2019-10-09 19:20:00,CA,Butte,STO, 
410,Road 108,PG387,-120.89274,39.46615,4793.0,10.0,229,America/Los_Angeles,2019-05-20 18:04:00,2019-10-09 19:20:00,CA,Sierra,STO, 
316,Road 303,PG294,-122.4704,39.4524,1792.0,10.0,229,America/Los_Angeles,2019-04-23 15:14:00,2019-10-09 19:20:00,CA,Glenn,STO, 
625,Road 606,PG533,-119.87973,37.21486,834.0,10.0,229,America/Los_Angeles,2019-09-07 00:14:00,2019-10-09 19:20:00,CA,Madera,HNX, 
508,Road 628,PG447,-119.70572,37.39712,3201.0,10.0,229,America/Los_Angeles,2019-07-11 15:14:00,2019-10-09 19:20:00,CA,Madera,HNX, 
467,Road Runner Lane,PG423,-119.86305,37.2676,1389.0,10.0,229,America/Los_Angeles,2019-06-20 17:04:00,2019-10-09 19:20:00,CA,Madera,HNX, 
512,Roberts Drive,PG478,-121.31911,41.11409,3583.0,10.0,229,America/Los_Angeles,2019-07-26 20:54:00,2019-10-09 19:20:00,CA,Lassen,REV, 
137,Robertson Ranch Road,PG061,-120.2855,38.0412,3466.0,10.0,229,America/Los_Angeles,2018-06-15 18:14:00,2019-10-09 19:20:00,CA,Tuolumne,STO, 
182,Robinson Mills,PG080,-121.3171,39.49418,2709.0,10.0,229,America/Los_Angeles,2018-08-29 18:24:00,2019-10-09 19:20:00,CA,Butte,STO, 
158,Rock Ridge Road,PG034,-122.63991,38.00673,455.0,10.0,229,America/Los_Angeles,2018-08-03 13:44:00,2019-10-09 19:20:00,CA,Marin,MTR, 
144,Round Mountain,PG070,-121.9393,40.8016,2131.0,10.0,229,America/Los_Angeles,2018-07-28 18:14:00,2019-10-09 19:20:00,CA,Shasta,STO, 
549,Round Valley Road,PG524,-122.63063,39.8374,1106.0,10.0,229,America/Los_Angeles,2019-08-08 00:14:00,2019-10-09 19:20:00,CA,Tehama,STO, 
28,Rsf-Quick Deploy #1,TS950,-122.705183,42.139267,4396.0,6.1,2,America/Los_Angeles,2011-01-19 00:00:00,2019-09-17 19:09:00,OR,Jackson,MFR, 
32,Sacramento/Rfc,KRSA,-120.5,38.5,36.0,10.0,1,America/Los_Angeles,2019-10-09 12:59:33.748235,2019-10-09 12:59:33.748236,CA,Amador,STO, 
31,Sacramento/Wfo,KSTO,-120.5,38.5,36.0,10.0,1,America/Los_Angeles,2019-10-09 12:59:33.748202,2019-10-09 12:59:33.748203,CA,Amador,STO, 
77,San Andreas Calaveras County Airport,KCPU,-120.6482,38.1461,1325.0,10.0,1,America/Los_Angeles,2016-06-28 21:03:00,2019-10-09 19:15:00,CA,Calaveras,STO, 
593,San Geronimo Ridge Road,PG550,-122.656,37.99868,1322.0,10.0,229,America/Los_Angeles,2019-08-26 03:24:00,2019-10-09 19:20:00,CA,Marin,MTR, 
602,San Juan Grade,PG534,-121.581,36.826,1277.0,10.0,229,America/Los_Angeles,2019-08-28 09:24:00,2019-10-09 19:20:00,CA,San Benito,MTR, 
553,San Pedro Tower,PG581,-122.50013,37.99135,1003.0,10.0,229,America/Los_Angeles,2019-08-09 00:14:00,2019-10-09 19:20:00,CA,Marin,MTR, 
4,Sanjose,RJSC1,-121.806944,37.398333,675.0,6.1,2,America/Los_Angeles,2008-03-10 00:00:00,2019-10-09 18:52:00,CA,Santa Clara,MTR, 
581,Satterlee,PG418,-123.70724,40.19909,2998.0,10.0,229,America/Los_Angeles,2019-08-19 15:14:00,2019-10-09 19:20:00,CA,Humboldt,EKA, 
586,Sc Mountain Winery,PG591,-122.03026,37.16561,2243.0,10.0,229,America/Los_Angeles,2019-08-22 18:14:00,2019-10-04 18:50:00,CA,Santa Cruz,MTR, 
150,Schenck Ranch Road,PG074,-120.93268,38.58936,900.0,10.0,229,America/Los_Angeles,2018-07-28 18:14:00,2019-10-09 19:20:00,CA,El Dorado,STO, 
250,Schmitt & Hwy 128,PG201,-122.67024,38.63034,300.0,10.0,229,America/Los_Angeles,2018-12-04 21:54:00,2019-10-09 19:20:00,CA,Sonoma,MTR, 
606,Sears Ranch,PG605,-122.2774,37.34139,972.0,10.0,229,America/Los_Angeles,2019-08-29 03:14:00,2019-10-09 19:20:00,CA,San Mateo,MTR, 
185,Seigler Springs,PG060,-122.71203,38.89455,2579.0,10.0,229,America/Los_Angeles,2018-08-31 13:24:00,2019-10-09 19:20:00,CA,Lake,STO, 
503,Seminole Road,PG453,-119.38994,36.96197,2644.0,10.0,229,America/Los_Angeles,2019-07-09 18:14:00,2019-10-09 19:20:00,CA,Fresno,HNX, 
45,Sfmu Portable,TT100,-122.952033,40.360033,2887.0,6.1,2,America/Los_Angeles,2011-10-26 00:00:00,2019-10-09 18:27:00,CA,Shasta,STO, 
583,Shady Grove Road,PG525,-122.61487,38.71391,1225.0,10.0,229,America/Los_Angeles,2019-08-20 03:14:00,2019-10-09 19:20:00,CA,Lake,STO, 
226,Shasta East,PG146,-122.46252,40.60664,737.0,10.0,229,America/Los_Angeles,2018-10-25 20:34:00,2019-10-09 19:20:00,CA,Shasta,STO, 
622,Sherridan Road,PG567,-121.89995,37.54691,1138.0,10.0,229,America/Los_Angeles,2019-09-03 00:14:00,2019-10-09 19:20:00,CA,Alameda,MTR, 
204,Sherwood Road,PG118,-123.39788,39.46933,2270.0,10.0,229,America/Los_Angeles,2018-10-01 20:14:00,2019-10-09 19:10:00,CA,Mendocino,EKA, 
17,Shf08 Portable,TS901,-121.70195,41.416583,4634.0,6.1,2,America/Los_Angeles,2010-07-26 00:00:00,2019-10-09 18:35:00,CA,Siskiyou,MFR, 
225,Shilling Road,PG112,-120.11625,37.6975,3310.0,10.0,229,America/Los_Angeles,2018-10-24 02:44:00,2019-10-09 19:10:00,CA,Mariposa,HNX, 
557,Sierra Road,PG483,-121.78125,37.41581,2073.0,10.0,229,America/Los_Angeles,2019-08-09 15:14:00,2019-10-09 19:20:00,CA,Santa Clara,MTR, 
358,Signal Hill Trail,PG340,-120.61401,37.91361,960.0,10.0,229,America/Los_Angeles,2019-05-02 06:14:00,2019-10-09 19:20:00,CA,Calaveras,STO, 
610,Signal Peak,PG559,-123.05527,39.30878,1189.0,10.0,229,America/Los_Angeles,2019-08-30 12:24:00,2019-10-09 19:20:00,CA,Mendocino,EKA, 
547,Sills Lane,PG572,-121.24633,39.47484,2438.0,10.0,229,America/Los_Angeles,2019-08-07 21:14:00,2019-10-09 19:20:00,CA,Yuba,STO, 
578,Sills Road,PG557,-122.0979,38.9305,449.0,10.0,229,America/Los_Angeles,2019-08-18 03:14:00,2019-10-09 19:20:00,CA,Colusa,STO, 
153,Sir Francis Drake Blvd,PG041,-122.74329,38.04445,402.0,10.0,229,America/Los_Angeles,2018-07-30 22:44:00,2019-10-09 19:20:00,CA,Marin,MTR, 
71,Siskiyou Mtn Fire Port,TT333,-122.70815,42.12555,3541.0,6.1,2,America/Los_Angeles,2015-10-29 21:13:00,2019-07-18 20:12:00,OR,Jackson,MFR, 
296,Skaggs Springs,PG243,-123.01472,38.68638,981.0,10.0,229,America/Los_Angeles,2019-04-05 18:14:00,2019-10-09 19:20:00,CA,Sonoma,MTR, 
152,Sky Oaks Road,PG037,-122.60518,37.96564,688.0,10.0,229,America/Los_Angeles,2018-07-28 18:14:00,2019-10-09 19:20:00,CA,Marin,MTR, 
546,Sky Ranch,PG583,-122.08395,38.42077,2007.0,10.0,229,America/Los_Angeles,2019-08-08 16:04:00,2019-10-09 19:20:00,CA,Solano,STO, 
221,Skyline And Muddy Road,PG056,-122.35879,37.47706,1393.0,10.0,229,America/Los_Angeles,2018-10-23 18:14:00,2019-10-09 19:00:00,CA,San Mateo,MTR, 
103,Skyline Blvd,PG039,-122.14634,37.78785,1235.0,10.0,229,America/Los_Angeles,2018-06-06 14:14:00,2019-10-09 19:20:00,CA,Alameda,MTR, 
527,Skyway Road,PG487,-121.60652,39.77729,2018.0,10.0,229,America/Los_Angeles,2019-07-26 03:14:00,2019-10-09 19:20:00,CA,Butte,STO, 
51,Slate Creek,TTEC1,-123.659969,41.341761,4178.0,6.1,2,America/Los_Angeles,2012-01-09 00:00:00,2019-10-09 18:57:00,CA,Humboldt,EKA, 
190,Sly Park,PG098,-120.5817,38.7211,3660.0,10.0,229,America/Los_Angeles,2018-08-31 17:34:00,2019-10-09 19:20:00,CA,El Dorado,STO, 
55,Smith Peak (Stf),SEWC1,-120.100811,37.800522,3871.0,6.1,2,America/Los_Angeles,2012-06-29 00:00:00,2019-10-09 19:16:00,CA,Mariposa,HNX, 
74,Smoke Monitor 1 Rsf Port,TT352,-122.71,42.2,1864.0,6.1,2,America/Los_Angeles,2015-11-16 20:17:00,2015-12-03 17:17:00,OR,Jackson,MFR, 
62,Smoke Usfs R5-39,TT203,-119.306083,36.911,1466.0,6.1,2,America/Los_Angeles,2019-10-09 12:59:33.814618,2019-10-09 12:59:33.814621,CA,Fresno,HNX, 
63,Smoke Usfs R5-49,TT205,-118.136889,36.021361,6000.0,6.1,2,America/Los_Angeles,2019-10-09 12:59:33.814653,2019-10-09 12:59:33.814653,CA,Tulare,HNX, 
6,Snf01 Portable,TS748,-119.28045,37.0533,5198.0,6.1,2,America/Los_Angeles,2010-06-21 00:00:00,2019-03-10 05:28:00,CA,Fresno,HNX, 
1,Snf06 Portable,FSBC1,-119.281056,37.054722,5155.0,6.1,2,America/Los_Angeles,2007-10-04 00:00:00,2019-08-20 16:53:00,CA,Fresno,HNX, 
305,Snow Camp Road,PG278,-123.8247,40.82019,3000.0,10.0,229,America/Los_Angeles,2019-04-10 18:14:00,2019-10-09 18:50:00,CA,Humboldt,EKA, 
474,So-So Road,PG415,-120.60539,38.58899,3408.0,10.0,229,America/Los_Angeles,2019-06-19 00:14:00,2019-10-09 19:20:00,CA,El Dorado,STO, 
124,Soda Canyon Road,PG053,-122.28343,38.36361,96.0,10.0,229,America/Los_Angeles,2018-06-13 18:14:00,2019-10-09 19:20:00,CA,Napa,MTR, 
536,Soda Springs,PG500,-120.37896,39.321,6762.0,10.0,229,America/Los_Angeles,2019-08-02 15:14:00,2019-10-09 19:20:00,CA,Nevada,STO, 
627,Sonoma Hilltop Towers,PG593,-122.50958,38.45233,2530.0,10.0,229,America/Los_Angeles,2019-09-09 06:04:00,2019-10-09 19:10:00,CA,Sonoma,MTR, 
248,Sonoma Mountain Road,PG177,-122.57716,38.34445,2390.0,10.0,229,America/Los_Angeles,2018-11-16 15:24:00,2019-10-09 19:20:00,CA,Sonoma,MTR, 
46,South County Airport Of Santa Clara County,KE16,-121.5968056,37.0815861,281.0,10.0,1,America/Los_Angeles,2011-11-10 00:00:00,2019-10-09 19:15:00,CA,Santa Clara,MTR, 
534,South Fork,PG479,-122.31142,40.39381,521.0,10.0,229,America/Los_Angeles,2019-08-01 06:14:00,2019-10-09 19:20:00,CA,Shasta,STO, 
244,Spanish Flat,PG180,-120.7973,38.85809,2500.0,10.0,229,America/Los_Angeles,2018-11-08 18:14:00,2019-10-09 19:20:00,CA,El Dorado,STO, 
476,Spencerville Road,PG429,-121.19942,39.16713,1425.0,10.0,229,America/Los_Angeles,2019-06-20 15:14:00,2019-10-09 19:20:00,CA,Nevada,STO, 
303,Spink Road,PG261,-120.56105,38.3983,2564.0,10.0,229,America/Los_Angeles,2019-04-10 18:14:00,2019-10-09 19:20:00,CA,Calaveras,STO, 
558,Spolini Mountain,PG548,-122.49816,38.23202,825.0,10.0,229,America/Los_Angeles,2019-08-12 00:14:00,2019-10-09 19:20:00,CA,Sonoma,MTR, 
198,Spring Valley Road,PG115,-122.5978,39.07447,1248.0,10.0,229,America/Los_Angeles,2018-09-15 18:14:00,2019-10-09 19:10:00,CA,Lake,STO, 
125,Springvale Road,PG024,-120.9439,38.76926,1265.0,10.0,229,America/Los_Angeles,2018-06-13 19:34:00,2019-10-09 19:20:00,CA,El Dorado,STO, 
8,Srf51 Portable,TS846,-123.545278,40.942472,3184.0,6.1,2,America/Los_Angeles,2010-08-18 00:00:00,2019-10-09 18:27:00,CA,Humboldt,EKA, 
7,Srf52 Portable,TS777,-123.533333,41.365556,2759.0,6.1,2,America/Los_Angeles,2008-09-15 00:00:00,2019-10-09 19:04:00,CA,Humboldt,EKA, 
352,Stage Coach Lane,PG246,-121.537,39.72182,1733.0,10.0,229,America/Los_Angeles,2019-05-01 06:14:00,2019-10-09 19:20:00,CA,Butte,STO, 
349,Stampfii Lane,PG310,-120.86511,40.10277,3521.0,10.0,229,America/Los_Angeles,2019-04-30 06:34:00,2019-10-09 19:20:00,CA,Plumas,STO, 
208,Steele Canyon Road,PG127,-122.19341,38.44675,820.0,10.0,229,America/Los_Angeles,2018-10-01 20:14:00,2019-10-09 19:10:00,CA,Napa,MTR, 
70,Stf01Portable,TT316,-119.969919,38.023811,6060.0,6.1,2,America/Los_Angeles,2015-03-12 22:28:00,2019-09-11 17:27:00,CA,Tuolumne,STO, 
11,Stf03 Portable,POJC1,-120.156222,38.407972,6700.0,6.1,2,America/Los_Angeles,2010-06-04 00:00:00,2019-10-09 18:51:00,CA,Calaveras,STO, 
64,Stf04 Portable,TT209,-120.042611,37.907531,4130.0,6.1,2,America/Los_Angeles,2013-06-27 00:00:00,2018-11-27 18:29:00,CA,Tuolumne,STO, 
212,Stirling Road,PG131,-121.53076,39.91116,3750.0,10.0,229,America/Los_Angeles,2018-10-02 13:54:00,2019-10-09 19:10:00,CA,Butte,STO, 
584,Stone Ridge Drive,PG503,-122.46167,38.56717,1607.0,10.0,229,America/Los_Angeles,2019-08-22 18:14:00,2019-10-09 01:20:00,CA,Napa,MTR, 
477,Strawberry Overlook,PG430,-120.03853,38.19345,5821.0,10.0,229,America/Los_Angeles,2019-06-20 15:14:00,2019-10-09 19:20:00,CA,Tuolumne,STO, 
219,Sugarloaf,PG138,-122.4472,40.9103,3748.0,10.0,229,America/Los_Angeles,2018-10-18 18:14:00,2019-10-09 19:20:00,CA,Shasta,STO, 
3,Sugarloaf (Enf),SKBC1,-120.310514,38.784597,5653.0,6.1,2,America/Los_Angeles,2010-01-01 00:00:00,2019-10-09 19:23:00,CA,El Dorado,STO, 
253,Summit Lake,PG199,-122.45868,38.60339,2103.0,10.0,229,America/Los_Angeles,2018-12-05 18:14:00,2019-10-09 19:20:00,CA,Napa,MTR, 
430,Summit Lake Road,PG329,-121.91034,41.02098,1706.0,10.0,229,America/Los_Angeles,2019-05-28 23:34:00,2019-10-09 19:20:00,CA,Shasta,STO, 
421,Summit Road,PG400,-121.76413,37.05015,2458.0,10.0,229,America/Los_Angeles,2019-05-23 17:04:00,2019-10-09 19:20:00,CA,Santa Cruz,MTR, 
98,Sunol Ridge Trail,PG012,-121.92447,37.62226,2135.0,10.0,229,America/Los_Angeles,2018-06-06 14:14:00,2019-10-09 19:20:00,CA,Alameda,MTR, 
327,Sunview Drive,PG295,-121.57063,39.67758,1130.0,10.0,229,America/Los_Angeles,2019-04-17 17:34:00,2019-10-09 19:20:00,CA,Butte,STO, 
193,Sutter Creek Ridge,PG116,-120.74963,38.40128,1863.0,10.0,229,America/Los_Angeles,2018-09-13 20:34:00,2019-10-09 19:10:00,CA,Amador,STO, 
56,Swain Mountain,SWNC1,-121.1041,40.445269,6099.0,6.1,2,America/Los_Angeles,2013-06-06 00:00:00,2019-10-09 19:19:00,CA,Plumas,STO, 
170,Swansboro Airport,PG104,-120.72698,38.79729,2580.0,10.0,229,America/Los_Angeles,2018-08-16 00:34:00,2019-10-09 19:20:00,CA,El Dorado,STO, 
613,Sweetwater Springs Road,PG590,-122.89536,38.53719,556.0,10.0,229,America/Los_Angeles,2019-08-31 06:14:00,2019-10-09 19:20:00,CA,Sonoma,MTR, 
482,Sycamore Road,PG437,-119.32217,36.95768,1388.0,10.0,229,America/Los_Angeles,2019-06-24 20:44:00,2019-10-09 19:20:00,CA,Fresno,HNX, 
79,Tahoe Donner,TADC1,-120.273389,39.338194,7399.0,6.1,2,America/Los_Angeles,2016-08-23 21:36:00,2019-10-09 18:33:00,CA,Nevada,REV, 
626,Ten Mile Cutoff Road,PG530,-123.59068,38.86919,921.0,10.0,229,America/Los_Angeles,2019-09-09 03:14:00,2019-10-09 19:20:00,CA,Mendocino,EKA, 
107,Terrace Drive,PG043,-122.28637,37.91936,774.0,10.0,229,America/Los_Angeles,2018-06-08 13:14:00,2019-10-09 19:20:00,CA,Contra Costa,MTR, 
243,Tiger Penstock Top,PG178,-120.4779,38.45329,3560.0,10.0,229,America/Los_Angeles,2018-11-08 18:14:00,2019-10-09 19:20:00,CA,Amador,STO, 
624,Tin Barn Road,PG539,-123.29382,38.61804,1065.0,10.0,229,America/Los_Angeles,2019-09-06 00:14:00,2019-10-09 19:20:00,CA,Sonoma,MTR, 
505,Tiptop Road,PG456,-119.82411,37.46735,3122.0,10.0,229,America/Los_Angeles,2019-07-09 21:14:00,2019-10-09 19:20:00,CA,Mariposa,HNX, 
54,Tnf 03 Portable,TT142,-120.160889,39.566139,6260.0,6.1,2,America/Los_Angeles,2012-07-24 00:00:00,2019-10-09 18:35:00,CA,Sierra,REV, 
262,Tollhouse Road,PG198,-119.37268,37.0524,4032.0,10.0,229,America/Los_Angeles,2018-12-20 18:14:00,2019-10-09 19:20:00,CA,Fresno,HNX, 
446,Topo Road,PG194,-121.15166,36.37329,4405.0,10.0,229,America/Los_Angeles,2019-05-30 21:14:00,2019-10-09 19:20:00,CA,Monterey,MTR, 
238,Tracy Municipal Airport,KTCY,-121.44158,37.6889,193.0,10.0,1,America/Los_Angeles,2018-11-05 22:05:00,2019-10-09 19:15:00,CA,San Joaquin,STO, 
566,Triangle Road,PG568,-119.81082,37.50102,3282.0,10.0,229,America/Los_Angeles,2019-08-13 00:14:00,2019-10-09 19:20:00,CA,Mariposa,HNX, 
53,Trinity Center,KO86,-122.69342,40.98452,2385.0,10.0,1,America/Los_Angeles,2012-03-19 00:00:00,2019-10-09 19:10:00,CA,Trinity,EKA, 
344,Trinity Mountain Road North,PG293,-122.61059,40.78838,1652.0,10.0,229,America/Los_Angeles,2019-04-28 16:24:00,2019-10-09 19:20:00,CA,Shasta,STO, 
189,Trouble Lane,PG097,-122.59841,38.9241,1384.0,10.0,229,America/Los_Angeles,2018-08-31 17:34:00,2019-10-09 19:20:00,CA,Lake,STO, 
591,Truck Road,PG597,-124.09269,41.06415,664.0,10.0,229,America/Los_Angeles,2019-08-26 03:24:00,2019-10-09 19:20:00,CA,Humboldt,EKA, 
332,Truitt,PG281,-122.83212,38.80033,1751.0,10.0,229,America/Los_Angeles,2019-04-20 20:04:00,2019-10-09 19:20:00,CA,Sonoma,MTR, 
231,Tuolumne Overlook,PG179,-120.29199,37.89669,2000.0,10.0,229,America/Los_Angeles,2018-10-25 20:34:00,2019-10-09 19:20:00,CA,Tuolumne,STO, 
596,Tuscan Buttes,PG599,-122.09273,40.26236,1840.0,10.0,229,America/Los_Angeles,2019-08-26 15:14:00,2019-10-09 19:20:00,CA,Tehama,STO, 
346,Twin Pines Drive,PG304,-121.04998,40.30102,4955.0,10.0,229,America/Los_Angeles,2019-04-29 18:14:00,2019-10-09 19:00:00,CA,Lassen,REV, 
222,Twist Road,PG166,-120.3723,37.88845,1690.0,10.0,229,America/Los_Angeles,2018-10-23 18:14:00,2019-10-09 19:20:00,CA,Tuolumne,STO, 
33,Ukiah(Vor),KENI,-122.73,39.05,614.0,10.0,1,America/Los_Angeles,2019-10-09 12:59:33.748266,2019-10-09 12:59:33.748267,CA,Lake,STO, 
393,Underwood Lane,PG355,-123.71639,39.86318,946.0,10.0,229,America/Los_Angeles,2019-05-11 20:34:00,2019-10-09 19:20:00,CA,Mendocino,EKA, 
16,University Airport,KEDU,-121.7865,38.5315,68.0,10.0,1,America/Los_Angeles,2010-07-22 00:00:00,2019-10-09 19:15:00,CA,Yolo,STO, 
320,Upper Bear River Road,PG249,-124.25979,40.48706,1696.0,10.0,229,America/Los_Angeles,2019-04-15 20:24:00,2019-10-09 19:20:00,CA,Humboldt,EKA, 
177,Upper Dorray Road,PG095,-120.5851,38.3559,2779.0,10.0,229,America/Los_Angeles,2018-08-22 14:24:00,2019-10-09 19:20:00,CA,Calaveras,STO, 
258,Upper Lake,PG088,-122.91313,39.21037,1425.0,10.0,229,America/Los_Angeles,2018-12-19 18:14:00,2019-10-09 19:20:00,CA,Lake,STO, 
369,Upper Skyway Road,PG333,-121.5836,39.815,2233.0,10.0,229,America/Los_Angeles,2019-05-05 01:24:00,2019-10-09 19:20:00,CA,Butte,STO, 
156,Upper Soda Canyon Road,PG019,-122.30031,38.42559,1515.0,10.0,229,America/Los_Angeles,2018-08-03 13:54:00,2019-10-09 19:20:00,CA,Napa,MTR, 
36,Vacaville,KO45,-120.05,38.38,108.0,10.0,1,America/Los_Angeles,2019-10-09 12:59:33.748391,2019-10-09 12:59:33.748392,CA,Tuolumne,STO, 
341,Vierra Road,PG298,-121.33715,39.42046,1174.0,10.0,229,America/Los_Angeles,2019-04-26 19:05:00,2019-10-09 19:20:00,CA,Yuba,STO, 
416,Walker Ridge,PG383,-122.49508,39.03791,2727.0,10.0,229,America/Los_Angeles,2019-05-22 14:54:00,2019-10-09 19:20:00,CA,Lake,STO, 
290,Wall Road,PG251,-122.48738,38.42851,1525.0,10.0,229,America/Los_Angeles,2019-04-02 06:14:00,2019-10-09 19:20:00,CA,Napa,MTR, 
218,Wallace Peak,PG136,-120.43972,39.05324,5810.0,10.0,229,America/Los_Angeles,2018-10-18 18:14:00,2019-06-13 18:20:00,CA,Placer,STO, 
235,Walnut Drive,PG181,-120.96766,38.69636,1535.0,10.0,229,America/Los_Angeles,2018-10-29 21:34:00,2019-10-09 19:20:00,CA,El Dorado,STO, 
359,Ward Creek,PG341,-120.70398,40.05205,3751.0,10.0,229,America/Los_Angeles,2019-05-02 17:24:00,2019-10-09 19:20:00,CA,Plumas,REV, 
587,Warm Springs Ranch,PG565,-123.0777,38.66523,1483.0,10.0,229,America/Los_Angeles,2019-08-26 03:24:00,2019-10-09 19:20:00,CA,Sonoma,MTR, 
574,Water Road,PG552,-121.8094,37.6253,847.0,10.0,229,America/Los_Angeles,2019-08-18 03:14:00,2019-10-09 19:20:00,CA,Alameda,MTR, 
530,Watts Valley Road,PG512,-119.45844,36.87189,870.0,10.0,229,America/Los_Angeles,2019-07-26 03:14:00,2019-10-09 19:10:00,CA,Fresno,HNX, 
498,Wayland Road,PG452,-121.637,39.72659,1343.0,10.0,229,America/Los_Angeles,2019-07-08 15:24:00,2019-10-09 19:20:00,CA,Butte,STO, 
37,Weaverville,KO54,-122.9223,40.746,2244.0,10.0,1,America/Los_Angeles,2010-11-01 00:00:00,2019-10-09 19:15:00,CA,Trinity,EKA, 
326,Webb Creek Circle,PG290,-121.40387,39.39326,802.0,10.0,229,America/Los_Angeles,2019-04-17 17:34:00,2019-10-09 19:20:00,CA,Butte,STO, 
469,Wells Road,PG428,-119.73881,37.27115,2185.0,10.0,229,America/Los_Angeles,2019-06-14 03:14:00,2019-10-09 19:20:00,CA,Madera,HNX, 
504,West Drive,PG476,-122.05923,37.09861,1100.0,10.0,229,America/Los_Angeles,2019-07-09 18:14:00,2019-10-09 19:20:00,CA,Santa Cruz,MTR, 
95,Weybridge Court,PG009,-122.1911,37.81585,1184.0,10.0,229,America/Los_Angeles,2018-06-06 14:14:00,2019-10-09 19:20:00,CA,Alameda,MTR, 
428,Whimsy Mine,PG356,-120.66237,36.43394,1964.0,10.0,229,America/Los_Angeles,2019-05-24 21:14:00,2019-10-09 19:20:00,CA,San Benito,MTR, 
551,Whiskeytown Shasta,PG519,-122.30646,40.75076,1877.0,10.0,229,America/Los_Angeles,2019-08-09 00:14:00,2019-10-09 19:20:00,CA,Shasta,STO, 
478,Whispering Spring Lane,PG436,-119.4807,37.02851,2312.0,10.0,229,America/Los_Angeles,2019-06-21 15:14:00,2019-10-09 19:20:00,CA,Fresno,HNX, 
187,White Sulphur Springs,PG091,-122.51865,38.49217,1059.0,10.0,229,America/Los_Angeles,2018-08-31 13:24:00,2019-10-09 19:20:00,CA,Napa,MTR, 
279,Wiemiller Road,PG211,-119.43495,37.03791,1956.0,10.0,229,America/Los_Angeles,2019-03-15 20:34:00,2019-10-09 19:20:00,CA,Fresno,HNX, 
254,Wild Horse,PG197,-122.1993,38.32,1399.0,10.0,229,America/Los_Angeles,2018-12-06 06:14:00,2019-10-09 19:20:00,CA,Napa,MTR, 
585,Wild View Way,PG558,-122.67535,38.52354,1242.0,10.0,229,America/Los_Angeles,2019-08-22 18:14:00,2019-10-09 19:20:00,CA,Sonoma,MTR, 
329,Wilder Ridge Road,PG245,-124.01131,40.1455,1139.0,10.0,229,America/Los_Angeles,2019-04-18 18:14:00,2019-10-09 19:20:00,CA,Humboldt,EKA, 
459,Willowood Road,PG422,-119.17637,36.66547,1315.0,10.0,229,America/Los_Angeles,2019-06-05 21:14:00,2019-10-09 19:20:00,CA,Fresno,HNX, 
167,Wilson Ave,PG087,-122.60798,38.09109,375.0,10.0,229,America/Los_Angeles,2018-08-16 00:34:00,2019-10-09 19:20:00,CA,Marin,MTR, 
246,Wilson Hill Road,PG164,-122.72364,38.18384,464.0,10.0,229,America/Los_Angeles,2018-11-16 15:24:00,2019-10-09 19:20:00,CA,Marin,MTR, 
372,Wilson Hill Road,PG313,-121.87619,40.44979,2079.0,10.0,229,America/Los_Angeles,2019-05-05 06:14:00,2019-10-09 19:20:00,CA,Shasta,STO, 
236,Windy Hill,PG150,-122.24754,37.35989,1826.0,10.0,229,America/Los_Angeles,2018-10-31 15:04:00,2019-10-09 19:20:00,CA,San Mateo,MTR, 
450,Wish I Ah Road,PG389,-119.49783,37.10259,2137.0,10.0,229,America/Los_Angeles,2019-06-07 15:24:00,2019-10-09 19:20:00,CA,Fresno,HNX, 
73,Wkrp 1 Qd,TT341,-123.541583,41.302306,390.0,6.1,2,America/Los_Angeles,2017-07-10 17:05:00,2019-10-09 19:02:00,CA,Humboldt,EKA, 
113,Wo Loaner,BYDW4,-119.236736,37.558444,7986.0,6.1,2,America/Los_Angeles,2018-11-27 23:21:00,2019-06-12 22:19:00,CA,Madera,HNX, 
524,Wolf Back Ridge,PG521,-122.49856,37.85073,1110.0,10.0,229,America/Los_Angeles,2019-07-26 00:14:00,2019-10-09 19:20:00,CA,Marin,MTR, 
186,Wooden Valley,PG083,-122.1903,38.3752,617.0,10.0,229,America/Los_Angeles,2018-08-31 13:24:00,2019-10-09 19:20:00,CA,Napa,MTR, 
567,X Line Road,PG585,-121.64886,40.50407,4850.0,10.0,229,America/Los_Angeles,2019-08-14 00:14:00,2019-10-09 19:20:00,CA,Shasta,STO, 
43,Ynp Portable,YNWC1,-119.57925,37.81465,8320.0,6.1,2,America/Los_Angeles,2012-04-24 00:00:00,2018-11-20 17:02:00,CA,Mariposa,HNX, 
141,Yosemite Road,PG029,-120.27306,37.93973,2660.0,10.0,229,America/Los_Angeles,2018-06-16 17:44:00,2019-10-09 19:20:00,CA,Tuolumne,STO, 
128,You-Bet Road,PG059,-120.91889,39.18612,2864.0,10.0,229,America/Los_Angeles,2018-06-14 13:14:00,2019-10-09 19:20:00,CA,Nevada,STO, 
555,Zenia,PG584,-123.49887,40.20492,2816.0,10.0,229,America/Los_Angeles,2019-08-09 00:14:00,2019-10-09 19:20:00,CA,Trinity,EKA, 
